AT,C,Mn,Cu,Si,Ni,Cr,Mo,V,Al,W,N,Co,t,T
980,0.06,0.0,0.0,0.0,0.0,12.8,0.0,0.0,0.0,0.0,0.0,0.0,2762.34528,693.84245
980,0.06,0.0,0.0,0.0,0.0,12.8,0.0,0.0,0.0,0.0,0.0,0.0,2868.39673,701.03503
980,0.06,0.0,0.0,0.0,0.0,12.8,0.0,0.0,0.0,0.0,0.0,0.0,3092.87047,707.28122
980,0.06,0.0,0.0,0.0,0.0,12.8,0.0,0.0,0.0,0.0,0.0,0.0,3392.51034,712.39174
980,0.06,0.0,0.0,0.0,0.0,12.8,0.0,0.0,0.0,0.0,0.0,0.0,3798.4372,716.55587
980,0.06,0.0,0.0,0.0,0.0,12.8,0.0,0.0,0.0,0.0,0.0,0.0,4238.39406,720.34144
980,0.06,0.0,0.0,0.0,0.0,12.8,0.0,0.0,0.0,0.0,0.0,0.0,4778.15107,724.69485
980,0.06,0.0,0.0,0.0,0.0,12.8,0.0,0.0,0.0,0.0,0.0,0.0,5368.22899,728.10186
980,0.06,0.0,0.0,0.0,0.0,12.8,0.0,0.0,0.0,0.0,0.0,0.0,6051.8698,731.31959
980,0.06,0.0,0.0,0.0,0.0,12.8,0.0,0.0,0.0,0.0,0.0,0.0,6964.21935,734.34805
980,0.06,0.0,0.0,0.0,0.0,12.8,0.0,0.0,0.0,0.0,0.0,0.0,7932.19069,736.99795
980,0.06,0.0,0.0,0.0,0.0,12.8,0.0,0.0,0.0,0.0,0.0,0.0,8973.02911,740.02641
980,0.06,0.0,0.0,0.0,0.0,12.8,0.0,0.0,0.0,0.0,0.0,0.0,10648.99013,744.00126
980,0.06,0.0,0.0,0.0,0.0,12.8,0.0,0.0,0.0,0.0,0.0,0.0,12170.72686,746.2726
980,0.06,0.0,0.0,0.0,0.0,12.8,0.0,0.0,0.0,0.0,0.0,0.0,13909.9192,748.9225
980,0.06,0.0,0.0,0.0,0.0,12.8,0.0,0.0,0.0,0.0,0.0,0.0,15897.64148,751.19384
980,0.06,0.0,0.0,0.0,0.0,12.8,0.0,0.0,0.0,0.0,0.0,0.0,17922.19681,753.65446
980,0.06,0.0,0.0,0.0,0.0,12.8,0.0,0.0,0.0,0.0,0.0,0.0,20135.4991,756.8722
980,0.06,0.0,0.0,0.0,0.0,12.8,0.0,0.0,0.0,0.0,0.0,0.0,22622.13321,759.14354
980,0.06,0.0,0.0,0.0,0.0,12.8,0.0,0.0,0.0,0.0,0.0,0.0,26121.84257,761.41488
980,0.06,0.0,0.0,0.0,0.0,12.8,0.0,0.0,0.0,0.0,0.0,0.0,29549.47289,763.8755
980,0.06,0.0,0.0,0.0,0.0,12.8,0.0,0.0,0.0,0.0,0.0,0.0,32746.98697,765.38973
1100,0.07,0.21,0.0,0.3,0.09,12.3,0.0,0.0,0.0,0.0,0.0,0.0,1556.2834,711.35654
1100,0.07,0.21,0.0,0.3,0.09,12.3,0.0,0.0,0.0,0.0,0.0,0.0,1613.59803,718.30032
1100,0.07,0.21,0.0,0.3,0.09,12.3,0.0,0.0,0.0,0.0,0.0,0.0,1734.63736,725.44249
1100,0.07,0.21,0.0,0.3,0.09,12.3,0.0,0.0,0.0,0.0,0.0,0.0,2139.47582,736.35414
1100,0.07,0.21,0.0,0.3,0.09,12.3,0.0,0.0,0.0,0.0,0.0,0.0,2350.41595,740.32201
1100,0.07,0.21,0.0,0.3,0.09,12.3,0.0,0.0,0.0,0.0,0.0,0.0,2610.32192,743.8931
1100,0.07,0.21,0.0,0.3,0.09,12.3,0.0,0.0,0.0,0.0,0.0,0.0,2930.59238,747.06739
1100,0.07,0.21,0.0,0.3,0.09,12.3,0.0,0.0,0.0,0.0,0.0,0.0,3266.44558,750.63848
1100,0.07,0.21,0.0,0.3,0.09,12.3,0.0,0.0,0.0,0.0,0.0,0.0,3707.22353,753.81278
1100,0.07,0.21,0.0,0.3,0.09,12.3,0.0,0.0,0.0,0.0,0.0,0.0,4162.07707,756.39189
1100,0.07,0.21,0.0,0.3,0.09,12.3,0.0,0.0,0.0,0.0,0.0,0.0,4672.73835,758.57422
1100,0.07,0.21,0.0,0.3,0.09,12.3,0.0,0.0,0.0,0.0,0.0,0.0,5322.49763,761.35173
1100,0.07,0.21,0.0,0.3,0.09,12.3,0.0,0.0,0.0,0.0,0.0,0.0,6018.91424,763.93085
1100,0.07,0.21,0.0,0.3,0.09,12.3,0.0,0.0,0.0,0.0,0.0,0.0,6930.65323,765.91479
1100,0.07,0.21,0.0,0.3,0.09,12.3,0.0,0.0,0.0,0.0,0.0,0.0,7922.9853,768.09712
1100,0.07,0.21,0.0,0.3,0.09,12.3,0.0,0.0,0.0,0.0,0.0,0.0,9189.37975,770.27945
1100,0.07,0.21,0.0,0.3,0.09,12.3,0.0,0.0,0.0,0.0,0.0,0.0,12361.77674,774.44571
1100,0.07,0.21,0.0,0.3,0.09,12.3,0.0,0.0,0.0,0.0,0.0,0.0,13928.77452,776.03286
1100,0.07,0.21,0.0,0.3,0.09,12.3,0.0,0.0,0.0,0.0,0.0,0.0,15865.61536,778.61198
1100,0.07,0.21,0.0,0.3,0.09,12.3,0.0,0.0,0.0,0.0,0.0,0.0,18137.25678,780.79431
1100,0.07,0.21,0.0,0.3,0.09,12.3,0.0,0.0,0.0,0.0,0.0,0.0,20510.40712,781.19109
1100,0.07,0.21,0.0,0.3,0.09,12.3,0.0,0.0,0.0,0.0,0.0,0.0,23702.87151,782.77824
1100,0.07,0.21,0.0,0.3,0.09,12.3,0.0,0.0,0.0,0.0,0.0,0.0,26998.83194,783.77021
1100,0.07,0.21,0.0,0.3,0.09,12.3,0.0,0.0,0.0,0.0,0.0,0.0,30976.35572,785.55575
1100,0.07,0.21,0.0,0.3,0.09,12.3,0.0,0.0,0.0,0.0,0.0,0.0,35156.34108,786.74612
1100,0.07,0.21,0.0,0.3,0.09,12.3,0.0,0.0,0.0,0.0,0.0,0.0,39612.81278,788.33326
1100,0.07,0.21,0.0,0.3,0.09,12.3,0.0,0.0,0.0,0.0,0.0,0.0,45448.65432,790.11881
1100,0.07,0.21,0.0,0.3,0.09,12.3,0.0,0.0,0.0,0.0,0.0,0.0,51395.33581,791.30917
1100,0.07,0.21,0.0,0.3,0.09,12.3,0.0,0.0,0.0,0.0,0.0,0.0,57701.22763,792.10274
1100,0.07,0.21,0.0,0.3,0.09,12.3,0.0,0.0,0.0,0.0,0.0,0.0,76506.27936,793.68989
1100,0.07,0.21,0.0,0.3,0.09,12.3,0.0,0.0,0.0,0.0,0.0,0.0,92002.81186,795.07865
982,0.09,0.44,0.0,0.29,0.0,12.66,0.0,0.0,0.0,0.0,0.0,0.0,4873.15734,714.9532
982,0.09,0.44,0.0,0.29,0.0,12.66,0.0,0.0,0.0,0.0,0.0,0.0,4988.17498,722.23843
982,0.09,0.44,0.0,0.29,0.0,12.66,0.0,0.0,0.0,0.0,0.0,0.0,5243.86487,728.24874
982,0.09,0.44,0.0,0.29,0.0,12.66,0.0,0.0,0.0,0.0,0.0,0.0,5512.66122,733.89479
982,0.09,0.44,0.0,0.29,0.0,12.66,0.0,0.0,0.0,0.0,0.0,0.0,6011.62172,738.44806
982,0.09,0.44,0.0,0.29,0.0,12.66,0.0,0.0,0.0,0.0,0.0,0.0,6621.61534,742.45493
982,0.09,0.44,0.0,0.29,0.0,12.66,0.0,0.0,0.0,0.0,0.0,0.0,7515.57372,746.64393
982,0.09,0.44,0.0,0.29,0.0,12.66,0.0,0.0,0.0,0.0,0.0,0.0,8587.26711,751.01507
982,0.09,0.44,0.0,0.29,0.0,12.66,0.0,0.0,0.0,0.0,0.0,0.0,9779.13595,753.92916
982,0.09,0.44,0.0,0.29,0.0,12.66,0.0,0.0,0.0,0.0,0.0,0.0,10548.11904,757.86309
982,0.09,0.44,0.0,0.29,0.0,12.66,0.0,0.0,0.0,0.0,0.0,0.0,11945.61003,760.5647
982,0.09,0.44,0.0,0.29,0.0,12.66,0.0,0.0,0.0,0.0,0.0,0.0,15121.23409,766.32812
982,0.09,0.44,0.0,0.29,0.0,12.66,0.0,0.0,0.0,0.0,0.0,0.0,17350.35095,768.3093
982,0.09,0.44,0.0,0.29,0.0,12.66,0.0,0.0,0.0,0.0,0.0,0.0,19908.07604,770.47058
982,0.09,0.44,0.0,0.29,0.0,12.66,0.0,0.0,0.0,0.0,0.0,0.0,22398.49008,772.99208
982,0.09,0.44,0.0,0.29,0.0,12.66,0.0,0.0,0.0,0.0,0.0,0.0,25700.39333,774.79315
982,0.09,0.44,0.0,0.29,0.0,12.66,0.0,0.0,0.0,0.0,0.0,0.0,29392.65844,776.95443
982,0.09,0.44,0.0,0.29,0.0,12.66,0.0,0.0,0.0,0.0,0.0,0.0,33836.21878,779.11572
982,0.09,0.44,0.0,0.29,0.0,12.66,0.0,0.0,0.0,0.0,0.0,0.0,38068.98311,780.55657
982,0.09,0.44,0.0,0.29,0.0,12.66,0.0,0.0,0.0,0.0,0.0,0.0,43395.87454,781.99743
982,0.09,0.44,0.0,0.29,0.0,12.66,0.0,0.0,0.0,0.0,0.0,0.0,48189.25142,782.71785
1095,0.09,0.4,0.0,0.33,0.34,17.2,0.06,0.0,0.01,0.0,0.03,0.0,7200.0,730.7864777777777
1095,0.09,0.4,0.0,0.33,0.34,17.2,0.06,0.0,0.01,0.0,0.03,0.0,14400.0,774.2871555555555
1095,0.09,0.4,0.0,0.33,0.34,17.2,0.06,0.0,0.01,0.0,0.03,0.0,28800.0,807.9013166666666
1095,0.09,0.4,0.0,0.33,0.34,17.2,0.06,0.0,0.01,0.0,0.03,0.0,54000.0,829.3221055555556
1090,0.09,0.4,0.0,0.33,0.34,17.2,0.0,0.0,0.0,0.0,0.03,0.0,5322.9666,411.85622
1090,0.09,0.4,0.0,0.33,0.34,17.2,0.0,0.0,0.0,0.0,0.03,0.0,5520.73343,417.72109
1090,0.09,0.4,0.0,0.33,0.34,17.2,0.0,0.0,0.0,0.0,0.03,0.0,5669.16355,423.40267
1090,0.09,0.4,0.0,0.33,0.34,17.2,0.0,0.0,0.0,0.0,0.03,0.0,5978.10313,428.71771
1090,0.09,0.4,0.0,0.33,0.34,17.2,0.0,0.0,0.0,0.0,0.03,0.0,6388.05907,433.66619
1090,0.09,0.4,0.0,0.33,0.34,17.2,0.0,0.0,0.0,0.0,0.03,0.0,6940.26134,438.24811
1090,0.09,0.4,0.0,0.33,0.34,17.2,0.0,0.0,0.0,0.0,0.03,0.0,7540.19758,442.83004
1090,0.09,0.4,0.0,0.33,0.34,17.2,0.0,0.0,0.0,0.0,0.03,0.0,8030.59956,447.22869
1090,0.09,0.4,0.0,0.33,0.34,17.2,0.0,0.0,0.0,0.0,0.03,0.0,8724.78778,451.62733
1090,0.09,0.4,0.0,0.33,0.34,17.2,0.0,0.0,0.0,0.0,0.03,0.0,9354.07115,454.92632
1090,0.09,0.4,0.0,0.33,0.34,17.2,0.0,0.0,0.0,0.0,0.03,0.0,9995.53835,457.30892
1090,0.09,0.4,0.0,0.33,0.34,17.2,0.0,0.0,0.0,0.0,0.03,0.0,10298.37434,460.60791
1090,0.09,0.4,0.0,0.33,0.34,17.2,0.0,0.0,0.0,0.0,0.03,0.0,11225.76254,464.82328
1090,0.09,0.4,0.0,0.33,0.34,17.2,0.0,0.0,0.0,0.0,0.03,0.0,13032.5162,472.52091
1090,0.09,0.4,0.0,0.33,0.34,17.2,0.0,0.0,0.0,0.0,0.03,0.0,14395.82488,475.63662
1090,0.09,0.4,0.0,0.33,0.34,17.2,0.0,0.0,0.0,0.0,0.03,0.0,15901.74688,479.66872
1090,0.09,0.4,0.0,0.33,0.34,17.2,0.0,0.0,0.0,0.0,0.03,0.0,17333.72944,483.33426
1090,0.09,0.4,0.0,0.33,0.34,17.2,0.0,0.0,0.0,0.0,0.03,0.0,18583.94068,487.54963
1090,0.09,0.4,0.0,0.33,0.34,17.2,0.0,0.0,0.0,0.0,0.03,0.0,20460.00878,490.84861
1090,0.09,0.4,0.0,0.33,0.34,17.2,0.0,0.0,0.0,0.0,0.03,0.0,22450.88913,494.1476
1090,0.09,0.4,0.0,0.33,0.34,17.2,0.0,0.0,0.0,0.0,0.03,0.0,24553.92915,497.44659
1090,0.09,0.4,0.0,0.33,0.34,17.2,0.0,0.0,0.0,0.0,0.03,0.0,26765.05718,500.19574
1090,0.09,0.4,0.0,0.33,0.34,17.2,0.0,0.0,0.0,0.0,0.03,0.0,29272.21787,503.86128
1090,0.09,0.4,0.0,0.33,0.34,17.2,0.0,0.0,0.0,0.0,0.03,0.0,32120.57848,507.16027
1090,0.09,0.4,0.0,0.33,0.34,17.2,0.0,0.0,0.0,0.0,0.03,0.0,35480.65589,511.19236
1090,0.09,0.4,0.0,0.33,0.34,17.2,0.0,0.0,0.0,0.0,0.03,0.0,39584.09763,514.67463
1090,0.09,0.4,0.0,0.33,0.34,17.2,0.0,0.0,0.0,0.0,0.03,0.0,48781.8358,519.80638
1090,0.09,0.4,0.0,0.33,0.34,17.2,0.0,0.0,0.0,0.0,0.03,0.0,54604.3857,522.73881
1090,0.09,0.4,0.0,0.33,0.34,17.2,0.0,0.0,0.0,0.0,0.03,0.0,60919.54278,526.0378
1090,0.09,0.4,0.0,0.33,0.34,17.2,0.0,0.0,0.0,0.0,0.03,0.0,67965.06627,530.25317
1090,0.09,0.4,0.0,0.33,0.34,17.2,0.0,0.0,0.0,0.0,0.03,0.0,76330.0253,533.36888
1090,0.09,0.4,0.0,0.33,0.34,17.2,0.0,0.0,0.0,0.0,0.03,0.0,85157.81621,536.11804
1090,0.09,0.4,0.0,0.33,0.34,17.2,0.0,0.0,0.0,0.0,0.03,0.0,91907.48138,538.68391
980,0.1,0.0,0.0,0.0,0.0,12.4,0.0,0.0,0.0,0.0,0.0,0.0,6364.88234,696.76123
980,0.1,0.0,0.0,0.0,0.0,12.4,0.0,0.0,0.0,0.0,0.0,0.0,6497.68946,703.64231
980,0.1,0.0,0.0,0.0,0.0,12.4,0.0,0.0,0.0,0.0,0.0,0.0,6889.21766,709.03559
980,0.1,0.0,0.0,0.0,0.0,12.4,0.0,0.0,0.0,0.0,0.0,0.0,8182.91438,718.52032
980,0.1,0.0,0.0,0.0,0.0,12.4,0.0,0.0,0.0,0.0,0.0,0.0,8948.9446,723.1697
980,0.1,0.0,0.0,0.0,0.0,12.4,0.0,0.0,0.0,0.0,0.0,0.0,9956.5629,726.70323
980,0.1,0.0,0.0,0.0,0.0,12.4,0.0,0.0,0.0,0.0,0.0,0.0,10419.82156,729.348
980,0.1,0.0,0.0,0.0,0.0,12.4,0.0,0.0,0.0,0.0,0.0,0.0,11534.44035,733.21056
980,0.1,0.0,0.0,0.0,0.0,12.4,0.0,0.0,0.0,0.0,0.0,0.0,12679.11363,737.44099
980,0.1,0.0,0.0,0.0,0.0,12.4,0.0,0.0,0.0,0.0,0.0,0.0,14084.68308,740.75175
980,0.1,0.0,0.0,0.0,0.0,12.4,0.0,0.0,0.0,0.0,0.0,0.0,15700.99604,744.06252
980,0.1,0.0,0.0,0.0,0.0,12.4,0.0,0.0,0.0,0.0,0.0,0.0,17812.178,746.63756
980,0.1,0.0,0.0,0.0,0.0,12.4,0.0,0.0,0.0,0.0,0.0,0.0,19717.56459,749.76439
980,0.1,0.0,0.0,0.0,0.0,12.4,0.0,0.0,0.0,0.0,0.0,0.0,22134.8853,751.97157
980,0.1,0.0,0.0,0.0,0.0,12.4,0.0,0.0,0.0,0.0,0.0,0.0,24588.69394,754.54661
980,0.1,0.0,0.0,0.0,0.0,12.4,0.0,0.0,0.0,0.0,0.0,0.0,27506.63885,756.56986
980,0.1,0.0,0.0,0.0,0.0,12.4,0.0,0.0,0.0,0.0,0.0,0.0,34786.23868,760.98421
1000,0.11,0.49,0.0,0.45,0.13,12.0,0.02,0.02,0.0,0.0,0.0,0.0,3288.22508,707.13811
1000,0.11,0.49,0.0,0.45,0.13,12.0,0.02,0.02,0.0,0.0,0.0,0.0,3309.77769,714.05601
1000,0.11,0.49,0.0,0.45,0.13,12.0,0.02,0.02,0.0,0.0,0.0,0.0,3442.0926,720.413
1000,0.11,0.49,0.0,0.45,0.13,12.0,0.02,0.02,0.0,0.0,0.0,0.0,3698.56036,726.20907
1000,0.11,0.49,0.0,0.45,0.13,12.0,0.02,0.02,0.0,0.0,0.0,0.0,4066.05621,729.94848
1000,0.11,0.49,0.0,0.45,0.13,12.0,0.02,0.02,0.0,0.0,0.0,0.0,4514.08753,732.75303
1000,0.11,0.49,0.0,0.45,0.13,12.0,0.02,0.02,0.0,0.0,0.0,0.0,5161.00604,736.49244
1000,0.11,0.49,0.0,0.45,0.13,12.0,0.02,0.02,0.0,0.0,0.0,0.0,5805.04433,739.29699
1000,0.11,0.49,0.0,0.45,0.13,12.0,0.02,0.02,0.0,0.0,0.0,0.0,6444.69159,741.16669
1000,0.11,0.49,0.0,0.45,0.13,12.0,0.02,0.02,0.0,0.0,0.0,0.0,7368.28695,742.84943
1000,0.11,0.49,0.0,0.45,0.13,12.0,0.02,0.02,0.0,0.0,0.0,0.0,8260.74204,744.34519
1000,0.11,0.49,0.0,0.45,0.13,12.0,0.02,0.02,0.0,0.0,0.0,0.0,9475.49912,745.65398
1000,0.11,0.49,0.0,0.45,0.13,12.0,0.02,0.02,0.0,0.0,0.0,0.0,11777.99591,748.84606
1000,0.11,0.49,0.0,0.45,0.13,12.0,0.02,0.02,0.0,0.0,0.0,0.0,13105.33574,749.95945
1000,0.11,0.49,0.0,0.45,0.13,12.0,0.02,0.02,0.0,0.0,0.0,0.0,14886.78956,750.70171
1000,0.11,0.49,0.0,0.45,0.13,12.0,0.02,0.02,0.0,0.0,0.0,0.0,17204.18359,751.62953
1000,0.11,0.49,0.0,0.45,0.13,12.0,0.02,0.02,0.0,0.0,0.0,0.0,20019.77241,753.48518
1000,0.11,0.49,0.0,0.45,0.13,12.0,0.02,0.02,0.0,0.0,0.0,0.0,23457.2044,754.04187
1000,0.11,0.49,0.0,0.45,0.13,12.0,0.02,0.02,0.0,0.0,0.0,0.0,27015.51475,754.78413
1000,0.11,0.49,0.0,0.45,0.13,12.0,0.02,0.02,0.0,0.0,0.0,0.0,30793.72089,755.15526
1000,0.11,0.49,0.0,0.45,0.13,12.0,0.02,0.02,0.0,0.0,0.0,0.0,34382.30159,755.34082
1000,0.11,0.49,0.0,0.45,0.13,12.0,0.02,0.02,0.0,0.0,0.0,0.0,38257.0693,756.82534
1000,0.11,0.49,0.0,0.45,0.13,12.0,0.02,0.02,0.0,0.0,0.0,0.0,44060.42607,757.56759
1000,0.11,0.49,0.0,0.45,0.13,12.0,0.02,0.02,0.0,0.0,0.0,0.0,50569.61684,757.93872
1000,0.11,0.49,0.0,0.45,0.13,12.0,0.02,0.02,0.0,0.0,0.0,0.0,58040.43165,757.93872
1000,0.11,0.49,0.0,0.45,0.13,12.0,0.02,0.02,0.0,0.0,0.0,0.0,75409.9196,759.05211
1000,0.11,0.49,0.0,0.45,0.13,12.0,0.02,0.02,0.0,0.0,0.0,0.0,85366.08238,759.79437
1000,0.11,0.49,0.0,0.45,0.13,12.0,0.02,0.02,0.0,0.0,0.0,0.0,96636.72976,759.42324
980,0.11,0.62,0.0,0.31,0.15,13.24,0.02,0.0,0.0,0.0,0.0,0.0,2457.65699,698.0923
980,0.11,0.62,0.0,0.31,0.15,13.24,0.02,0.0,0.0,0.0,0.0,0.0,2607.6339,703.95728
980,0.11,0.62,0.0,0.31,0.15,13.24,0.02,0.0,0.0,0.0,0.0,0.0,2785.03298,709.27241
980,0.11,0.62,0.0,0.31,0.15,13.24,0.02,0.0,0.0,0.0,0.0,0.0,3033.81561,715.13739
980,0.11,0.62,0.0,0.31,0.15,13.24,0.02,0.0,0.0,0.0,0.0,0.0,3326.6445,720.45253
980,0.11,0.62,0.0,0.31,0.15,13.24,0.02,0.0,0.0,0.0,0.0,0.0,3647.73772,724.11814
980,0.11,0.62,0.0,0.31,0.15,13.24,0.02,0.0,0.0,0.0,0.0,0.0,4039.50709,728.33359
980,0.11,0.62,0.0,0.31,0.15,13.24,0.02,0.0,0.0,0.0,0.0,0.0,4444.00739,732.18248
980,0.11,0.62,0.0,0.31,0.15,13.24,0.02,0.0,0.0,0.0,0.0,0.0,4937.51842,735.48153
980,0.11,0.62,0.0,0.31,0.15,13.24,0.02,0.0,0.0,0.0,0.0,0.0,5503.91694,738.78058
980,0.11,0.62,0.0,0.31,0.15,13.24,0.02,0.0,0.0,0.0,0.0,0.0,6929.70745,744.46228
980,0.11,0.62,0.0,0.31,0.15,13.24,0.02,0.0,0.0,0.0,0.0,0.0,7801.27525,747.21148
980,0.11,0.62,0.0,0.31,0.15,13.24,0.02,0.0,0.0,0.0,0.0,0.0,8667.6139,749.96069
980,0.11,0.62,0.0,0.31,0.15,13.24,0.02,0.0,0.0,0.0,0.0,0.0,9504.22631,752.52662
980,0.11,0.62,0.0,0.31,0.15,13.24,0.02,0.0,0.0,0.0,0.0,0.0,10686.91244,753.80958
980,0.11,0.62,0.0,0.31,0.15,13.24,0.02,0.0,0.0,0.0,0.0,0.0,11737.38957,756.00895
980,0.11,0.62,0.0,0.31,0.15,13.24,0.02,0.0,0.0,0.0,0.0,0.0,12932.86964,758.02504
980,0.11,0.62,0.0,0.31,0.15,13.24,0.02,0.0,0.0,0.0,0.0,0.0,14389.0002,760.04112
980,0.11,0.62,0.0,0.31,0.15,13.24,0.02,0.0,0.0,0.0,0.0,0.0,16112.93158,762.05721
980,0.11,0.62,0.0,0.31,0.15,13.24,0.02,0.0,0.0,0.0,0.0,0.0,17985.16367,763.15689
980,0.11,0.44,0.0,0.37,0.16,12.18,0.02,0.0,0.0,0.0,0.0,0.0,4490.32955,709.69057
980,0.11,0.44,0.0,0.37,0.16,12.18,0.02,0.0,0.0,0.0,0.0,0.0,4536.02021,715.89094
980,0.11,0.44,0.0,0.37,0.16,12.18,0.02,0.0,0.0,0.0,0.0,0.0,4723.47958,721.54423
980,0.11,0.44,0.0,0.37,0.16,12.18,0.02,0.0,0.0,0.0,0.0,0.0,4935.3129,727.56224
980,0.11,0.44,0.0,0.37,0.16,12.18,0.02,0.0,0.0,0.0,0.0,0.0,5279.90929,731.93897
980,0.11,0.44,0.0,0.37,0.16,12.18,0.02,0.0,0.0,0.0,0.0,0.0,5803.13854,737.22753
980,0.11,0.44,0.0,0.37,0.16,12.18,0.02,0.0,0.0,0.0,0.0,0.0,6356.7309,741.78663
980,0.11,0.44,0.0,0.37,0.16,12.18,0.02,0.0,0.0,0.0,0.0,0.0,7105.55894,745.981
980,0.11,0.44,0.0,0.37,0.16,12.18,0.02,0.0,0.0,0.0,0.0,0.0,7836.10617,749.62828
980,0.11,0.44,0.0,0.37,0.16,12.18,0.02,0.0,0.0,0.0,0.0,0.0,8759.2058,753.64028
980,0.11,0.44,0.0,0.37,0.16,12.18,0.02,0.0,0.0,0.0,0.0,0.0,9857.35339,756.55811
980,0.11,0.44,0.0,0.37,0.16,12.18,0.02,0.0,0.0,0.0,0.0,0.0,10775.68783,758.92884
980,0.11,0.44,0.0,0.37,0.16,12.18,0.02,0.0,0.0,0.0,0.0,0.0,11863.90325,762.02902
980,0.11,0.44,0.0,0.37,0.16,12.18,0.02,0.0,0.0,0.0,0.0,0.0,15246.1711,768.2294
980,0.11,0.44,0.0,0.37,0.16,12.18,0.02,0.0,0.0,0.0,0.0,0.0,17432.4318,770.78249
980,0.11,0.44,0.0,0.37,0.16,12.18,0.02,0.0,0.0,0.0,0.0,0.0,19391.76216,773.70032
1000,0.11,0.49,0.0,0.1,0.48,12.8,0.0,0.0,0.0,0.0,0.0,0.45,9219.94129,683.0074
1000,0.11,0.49,0.0,0.1,0.48,12.8,0.0,0.0,0.0,0.0,0.0,0.45,9439.64704,696.82012
1000,0.11,0.49,0.0,0.1,0.48,12.8,0.0,0.0,0.0,0.0,0.0,0.45,10233.44391,710.28752
1000,0.11,0.49,0.0,0.1,0.48,12.8,0.0,0.0,0.0,0.0,0.0,0.45,11435.0388,724.44555
1000,0.11,0.49,0.0,0.1,0.48,12.8,0.0,0.0,0.0,0.0,0.0,0.45,12606.92383,735.84104
1000,0.11,0.49,0.0,0.1,0.48,12.8,0.0,0.0,0.0,0.0,0.0,0.45,13898.90591,743.78335
1000,0.11,0.49,0.0,0.1,0.48,12.8,0.0,0.0,0.0,0.0,0.0,0.45,15688.43784,750.34439
1000,0.11,0.49,0.0,0.1,0.48,12.8,0.0,0.0,0.0,0.0,0.0,0.45,17768.05432,755.86948
1000,0.11,0.49,0.0,0.1,0.48,12.8,0.0,0.0,0.0,0.0,0.0,0.45,19988.39273,760.35861
1000,0.11,0.49,0.0,0.1,0.48,12.8,0.0,0.0,0.0,0.0,0.0,0.45,23177.44963,765.19306
1000,0.11,0.49,0.0,0.1,0.48,12.8,0.0,0.0,0.0,0.0,0.0,0.45,26073.75897,769.33688
1000,0.11,0.49,0.0,0.1,0.48,12.8,0.0,0.0,0.0,0.0,0.0,0.45,29829.57569,773.82601
1000,0.11,0.49,0.0,0.1,0.48,12.8,0.0,0.0,0.0,0.0,0.0,0.45,34939.61419,776.58855
1000,0.11,0.49,0.0,0.1,0.48,12.8,0.0,0.0,0.0,0.0,0.0,0.45,49575.94726,782.45896
1000,0.11,0.49,0.0,0.1,0.48,12.8,0.0,0.0,0.0,0.0,0.0,0.45,57679.28644,784.18555
1000,0.11,0.49,0.0,0.1,0.48,12.8,0.0,0.0,0.0,0.0,0.0,0.45,65987.74815,784.18555
1000,0.11,0.49,0.0,0.1,0.48,12.8,0.0,0.0,0.0,0.0,0.0,0.45,74483.89763,785.56682
1000,0.11,0.49,0.0,0.1,0.48,12.8,0.0,0.0,0.0,0.0,0.0,0.45,83510.15877,785.56682
1000,0.11,0.49,0.0,0.1,0.48,12.8,0.0,0.0,0.0,0.0,0.0,0.45,98808.33836,785.56682
982,0.11,0.44,0.0,0.37,0.16,12.18,0.0,0.0,0.0,0.0,0.0,0.0,5538.62177,705.37741
982,0.11,0.44,0.0,0.37,0.16,12.18,0.0,0.0,0.0,0.0,0.0,0.0,5626.9385,714.3123
982,0.11,0.44,0.0,0.37,0.16,12.18,0.0,0.0,0.0,0.0,0.0,0.0,5947.28541,722.48135
982,0.11,0.44,0.0,0.37,0.16,12.18,0.0,0.0,0.0,0.0,0.0,0.0,6487.93236,730.90568
982,0.11,0.44,0.0,0.37,0.16,12.18,0.0,0.0,0.0,0.0,0.0,0.0,7219.08112,738.05359
982,0.11,0.44,0.0,0.37,0.16,12.18,0.0,0.0,0.0,0.0,0.0,0.0,8096.415,743.15925
982,0.11,0.44,0.0,0.37,0.16,12.18,0.0,0.0,0.0,0.0,0.0,0.0,9152.48087,749.7966
982,0.11,0.44,0.0,0.37,0.16,12.18,0.0,0.0,0.0,0.0,0.0,0.0,11242.29085,756.94451
982,0.11,0.44,0.0,0.37,0.16,12.18,0.0,0.0,0.0,0.0,0.0,0.0,12658.52987,761.79488
982,0.11,0.44,0.0,0.37,0.16,12.18,0.0,0.0,0.0,0.0,0.0,0.0,14653.28615,766.38997
982,0.11,0.44,0.0,0.37,0.16,12.18,0.0,0.0,0.0,0.0,0.0,0.0,17232.85569,771.75091
982,0.11,0.44,0.0,0.37,0.16,12.18,0.0,0.0,0.0,0.0,0.0,0.0,19713.15632,776.09072
982,0.11,0.44,0.0,0.37,0.16,12.18,0.0,0.0,0.0,0.0,0.0,0.0,22461.43326,779.66467
1000,0.11,0.49,0.07,0.45,0.13,12.0,0.02,0.02,0.0,0.06,0.0,0.0,3185.8558,725.53998
1000,0.11,0.49,0.07,0.45,0.13,12.0,0.02,0.02,0.0,0.06,0.0,0.0,3671.42882,739.4402
1000,0.11,0.49,0.07,0.45,0.13,12.0,0.02,0.02,0.0,0.06,0.0,0.0,4035.59688,744.94237
1000,0.11,0.49,0.07,0.45,0.13,12.0,0.02,0.02,0.0,0.06,0.0,0.0,4520.5885,748.70701
1000,0.11,0.49,0.07,0.45,0.13,12.0,0.02,0.02,0.0,0.06,0.0,0.0,5259.09771,751.3133
1000,0.11,0.49,0.07,0.45,0.13,12.0,0.02,0.02,0.0,0.06,0.0,0.0,6089.39114,753.05083
1000,0.11,0.49,0.07,0.45,0.13,12.0,0.02,0.02,0.0,0.06,0.0,0.0,7185.40142,754.49877
1000,0.11,0.49,0.07,0.45,0.13,12.0,0.02,0.02,0.0,0.06,0.0,0.0,8478.67912,755.94671
1000,0.11,0.49,0.07,0.45,0.13,12.0,0.02,0.02,0.0,0.06,0.0,0.0,9957.53244,757.10506
1000,0.11,0.49,0.07,0.45,0.13,12.0,0.02,0.02,0.0,0.06,0.0,0.0,11123.098,758.26341
1000,0.11,0.49,0.07,0.45,0.13,12.0,0.02,0.02,0.0,0.06,0.0,0.0,12852.14654,759.42176
1000,0.11,0.49,0.07,0.45,0.13,12.0,0.02,0.02,0.0,0.06,0.0,0.0,15359.15129,760.8697
1000,0.11,0.49,0.07,0.45,0.13,12.0,0.02,0.02,0.0,0.06,0.0,0.0,17492.10731,761.15929
1000,0.11,0.49,0.07,0.45,0.13,12.0,0.02,0.02,0.0,0.06,0.0,0.0,20604.33926,761.44888
1000,0.11,0.49,0.07,0.45,0.13,12.0,0.02,0.02,0.0,0.06,0.0,0.0,28588.52905,763.47599
1000,0.11,0.49,0.07,0.45,0.13,12.0,0.02,0.02,0.0,0.06,0.0,0.0,34165.15222,763.76558
1000,0.11,0.49,0.07,0.45,0.13,12.0,0.02,0.02,0.0,0.06,0.0,0.0,40438.17829,764.63434
1000,0.11,0.49,0.07,0.45,0.13,12.0,0.02,0.02,0.0,0.06,0.0,0.0,47404.16252,766.08228
1000,0.11,0.49,0.07,0.45,0.13,12.0,0.02,0.02,0.0,0.06,0.0,0.0,56924.5612,766.08228
1000,0.11,0.49,0.07,0.45,0.13,12.0,0.02,0.02,0.0,0.06,0.0,0.0,65142.77721,766.08228
1000,0.11,0.49,0.07,0.45,0.13,12.0,0.02,0.02,0.0,0.06,0.0,0.0,75632.39243,766.08228
1000,0.11,0.49,0.07,0.45,0.13,12.0,0.02,0.02,0.0,0.06,0.0,0.0,87389.19595,767.24063
1000,0.11,0.49,0.07,0.45,0.13,12.0,0.02,0.02,0.0,0.06,0.0,0.0,99525.10814,767.53022
980,0.12,0.0,0.0,0.0,0.0,12.3,0.0,0.0,0.0,0.0,0.0,0.0,17156.47971,702.56147
980,0.12,0.0,0.0,0.0,0.0,12.3,0.0,0.0,0.0,0.0,0.0,0.0,17792.23632,710.42184
980,0.12,0.0,0.0,0.0,0.0,12.3,0.0,0.0,0.0,0.0,0.0,0.0,18790.3156,716.36506
980,0.12,0.0,0.0,0.0,0.0,12.3,0.0,0.0,0.0,0.0,0.0,0.0,20208.71919,722.49998
980,0.12,0.0,0.0,0.0,0.0,12.3,0.0,0.0,0.0,0.0,0.0,0.0,22133.22416,728.63491
980,0.12,0.0,0.0,0.0,0.0,12.3,0.0,0.0,0.0,0.0,0.0,0.0,24241.00248,734.00297
980,0.12,0.0,0.0,0.0,0.0,12.3,0.0,0.0,0.0,0.0,0.0,0.0,26938.74829,738.41245
980,0.12,0.0,0.0,0.0,0.0,12.3,0.0,0.0,0.0,0.0,0.0,0.0,29719.65593,742.4385
980,0.12,0.0,0.0,0.0,0.0,12.3,0.0,0.0,0.0,0.0,0.0,0.0,33147.50534,746.27283
980,0.12,0.0,0.0,0.0,0.0,12.3,0.0,0.0,0.0,0.0,0.0,0.0,37105.4888,750.10716
980,0.12,0.0,0.0,0.0,0.0,12.3,0.0,0.0,0.0,0.0,0.0,0.0,47695.17239,757.20067
950,0.12,0.34,0.0,0.24,1.77,11.3,0.43,0.27,0.0,1.6,0.0,0.0,49502.5069,673.73146
950,0.12,0.34,0.0,0.24,1.77,11.3,0.43,0.27,0.0,1.6,0.0,0.0,51251.18925,680.22344
950,0.12,0.34,0.0,0.24,1.77,11.3,0.43,0.27,0.0,1.6,0.0,0.0,55897.94388,686.33354
950,0.12,0.34,0.0,0.24,1.77,11.3,0.43,0.27,0.0,1.6,0.0,0.0,61390.76853,690.91611
950,0.12,0.34,0.0,0.24,1.77,11.3,0.43,0.27,0.0,1.6,0.0,0.0,68842.45663,695.1168
950,0.12,0.34,0.0,0.24,1.77,11.3,0.43,0.27,0.0,1.6,0.0,0.0,76664.49835,699.12655
1000,0.12,0.49,0.0,0.09,0.46,12.5,0.0,0.0,0.0,0.0,0.0,0.99,11308.32087,662.69828
1000,0.12,0.49,0.0,0.09,0.46,12.5,0.0,0.0,0.0,0.0,0.0,0.99,11703.65234,675.74834
1000,0.12,0.49,0.0,0.09,0.46,12.5,0.0,0.0,0.0,0.0,0.0,0.99,12450.40084,690.91463
1000,0.12,0.49,0.0,0.09,0.46,12.5,0.0,0.0,0.0,0.0,0.0,0.99,13520.70163,701.49576
1000,0.12,0.49,0.0,0.09,0.46,12.5,0.0,0.0,0.0,0.0,0.0,0.99,14988.87707,709.96067
1000,0.12,0.49,0.0,0.09,0.46,12.5,0.0,0.0,0.0,0.0,0.0,0.99,17021.00775,717.36746
1000,0.12,0.49,0.0,0.09,0.46,12.5,0.0,0.0,0.0,0.0,0.0,0.99,19262.34301,724.42155
1000,0.12,0.49,0.0,0.09,0.46,12.5,0.0,0.0,0.0,0.0,0.0,0.99,24754.21317,736.06079
1000,0.12,0.49,0.0,0.09,0.46,12.5,0.0,0.0,0.0,0.0,0.0,0.99,29093.00542,737.1189
1000,0.12,0.49,0.0,0.09,0.46,12.5,0.0,0.0,0.0,0.0,0.0,0.99,34074.98868,738.52972
1000,0.12,0.49,0.0,0.09,0.46,12.5,0.0,0.0,0.0,0.0,0.0,0.99,39500.79766,740.29324
1000,0.12,0.49,0.0,0.09,0.46,12.5,0.0,0.0,0.0,0.0,0.0,0.99,45790.56593,740.99865
1000,0.12,0.49,0.0,0.09,0.46,12.5,0.0,0.0,0.0,0.0,0.0,0.99,54187.6267,740.99865
980,0.13,0.33,0.0,0.52,0.12,12.5,0.0,0.0,0.0,0.0,0.0,0.0,1047.4713,721.10517
980,0.13,0.33,0.0,0.52,0.12,12.5,0.0,0.0,0.0,0.0,0.0,0.0,1079.44289,728.77504
980,0.13,0.33,0.0,0.52,0.12,12.5,0.0,0.0,0.0,0.0,0.0,0.0,1172.48662,733.46219
980,0.13,0.33,0.0,0.52,0.12,12.5,0.0,0.0,0.0,0.0,0.0,0.0,1317.36419,739.6407
980,0.13,0.33,0.0,0.52,0.12,12.5,0.0,0.0,0.0,0.0,0.0,0.0,1513.89921,743.68868
980,0.13,0.33,0.0,0.52,0.12,12.5,0.0,0.0,0.0,0.0,0.0,0.0,1700.9632,746.88446
980,0.13,0.33,0.0,0.52,0.12,12.5,0.0,0.0,0.0,0.0,0.0,0.0,1925.56089,750.50635
980,0.13,0.33,0.0,0.52,0.12,12.5,0.0,0.0,0.0,0.0,0.0,0.0,2171.63786,753.27602
980,0.13,0.33,0.0,0.52,0.12,12.5,0.0,0.0,0.0,0.0,0.0,0.0,2430.82206,755.40654
980,0.13,0.33,0.0,0.52,0.12,12.5,0.0,0.0,0.0,0.0,0.0,0.0,2803.99006,758.60232
980,0.13,0.33,0.0,0.52,0.12,12.5,0.0,0.0,0.0,0.0,0.0,0.0,3222.31192,761.372
980,0.13,0.33,0.0,0.52,0.12,12.5,0.0,0.0,0.0,0.0,0.0,0.0,3773.28533,764.14167
980,0.13,0.33,0.0,0.52,0.12,12.5,0.0,0.0,0.0,0.0,0.0,0.0,5135.2241,767.76356
980,0.13,0.33,0.0,0.52,0.12,12.5,0.0,0.0,0.0,0.0,0.0,0.0,6104.36141,769.68103
980,0.13,0.33,0.0,0.52,0.12,12.5,0.0,0.0,0.0,0.0,0.0,0.0,7067.98682,772.87681
980,0.13,0.33,0.0,0.52,0.12,12.5,0.0,0.0,0.0,0.0,0.0,0.0,8307.68445,774.79427
980,0.13,0.33,0.0,0.52,0.12,12.5,0.0,0.0,0.0,0.0,0.0,0.0,9547.09185,776.92479
980,0.13,0.33,0.0,0.52,0.12,12.5,0.0,0.0,0.0,0.0,0.0,0.0,10670.72514,776.92479
980,0.13,0.33,0.0,0.52,0.12,12.5,0.0,0.0,0.0,0.0,0.0,0.0,12229.19846,779.05531
980,0.13,0.33,0.0,0.52,0.12,12.5,0.0,0.0,0.0,0.0,0.0,0.0,13906.53597,780.54668
980,0.13,0.33,0.0,0.52,0.12,12.5,0.0,0.0,0.0,0.0,0.0,0.0,15630.22754,782.03804
980,0.13,0.33,0.0,0.52,0.12,12.5,0.0,0.0,0.0,0.0,0.0,0.0,17363.4893,783.31635
980,0.13,0.33,0.0,0.52,0.12,12.5,0.0,0.0,0.0,0.0,0.0,0.0,19213.97239,784.38161
980,0.13,0.33,0.0,0.52,0.12,12.5,0.0,0.0,0.0,0.0,0.0,0.0,22192.40202,785.65993
980,0.13,0.33,0.0,0.52,0.12,12.5,0.0,0.0,0.0,0.0,0.0,0.0,25334.76185,786.72519
980,0.13,0.33,0.0,0.52,0.12,12.5,0.0,0.0,0.0,0.0,0.0,0.0,33798.00952,789.28181
980,0.13,0.33,0.0,0.52,0.12,12.5,0.0,0.0,0.0,0.0,0.0,0.0,39495.98111,790.56012
980,0.13,0.33,0.0,0.52,0.12,12.5,0.0,0.0,0.0,0.0,0.0,0.0,45975.1489,792.05149
980,0.13,0.33,0.0,0.52,0.12,12.5,0.0,0.0,0.0,0.0,0.0,0.0,53517.1999,793.7559
980,0.13,0.33,0.0,0.52,0.12,12.5,0.0,0.0,0.0,0.0,0.0,0.0,63274.65686,795.24727
980,0.13,0.33,0.0,0.52,0.12,12.5,0.0,0.0,0.0,0.0,0.0,0.0,73654.62735,796.31253
980,0.13,0.33,0.0,0.52,0.12,12.5,0.0,0.0,0.0,0.0,0.0,0.0,87764.63316,796.95168
980,0.13,0.33,0.0,0.52,0.12,12.5,0.0,0.0,0.0,0.0,0.0,0.0,99414.32496,797.80389
1100,0.13,0.33,0.0,0.52,0.12,12.5,0.0,0.0,0.0,0.0,0.0,0.0,4681.53158,700.24283
1100,0.13,0.33,0.0,0.52,0.12,12.5,0.0,0.0,0.0,0.0,0.0,0.0,4925.26324,706.65429
1100,0.13,0.33,0.0,0.52,0.12,12.5,0.0,0.0,0.0,0.0,0.0,0.0,5334.16044,712.26433
1100,0.13,0.33,0.0,0.52,0.12,12.5,0.0,0.0,0.0,0.0,0.0,0.0,5925.47876,717.47364
1100,0.13,0.33,0.0,0.52,0.12,12.5,0.0,0.0,0.0,0.0,0.0,0.0,6534.79598,721.68116
1100,0.13,0.33,0.0,0.52,0.12,12.5,0.0,0.0,0.0,0.0,0.0,0.0,8391.99257,727.69191
1100,0.13,0.33,0.0,0.52,0.12,12.5,0.0,0.0,0.0,0.0,0.0,0.0,9631.45704,730.29657
1100,0.13,0.33,0.0,0.52,0.12,12.5,0.0,0.0,0.0,0.0,0.0,0.0,10481.94412,730.49693
1100,0.13,0.33,0.0,0.52,0.12,12.5,0.0,0.0,0.0,0.0,0.0,0.0,11771.24471,733.5023
1100,0.13,0.33,0.0,0.52,0.12,12.5,0.0,0.0,0.0,0.0,0.0,0.0,13315.32346,736.10696
1100,0.13,0.33,0.0,0.52,0.12,12.5,0.0,0.0,0.0,0.0,0.0,0.0,15171.54598,738.11054
1100,0.13,0.33,0.0,0.52,0.12,12.5,0.0,0.0,0.0,0.0,0.0,0.0,17602.72544,740.51484
1100,0.13,0.33,0.0,0.52,0.12,12.5,0.0,0.0,0.0,0.0,0.0,0.0,20056.63319,742.71878
1100,0.13,0.33,0.0,0.52,0.12,12.5,0.0,0.0,0.0,0.0,0.0,0.0,22852.62792,744.522
1100,0.13,0.33,0.0,0.52,0.12,12.5,0.0,0.0,0.0,0.0,0.0,0.0,26132.96325,746.52558
1100,0.13,0.33,0.0,0.52,0.12,12.5,0.0,0.0,0.0,0.0,0.0,0.0,30652.21841,748.92988
1100,0.13,0.33,0.0,0.52,0.12,12.5,0.0,0.0,0.0,0.0,0.0,0.0,34925.29059,750.73311
1100,0.13,0.33,0.0,0.52,0.12,12.5,0.0,0.0,0.0,0.0,0.0,0.0,39221.17286,751.53454
1100,0.13,0.33,0.0,0.52,0.12,12.5,0.0,0.0,0.0,0.0,0.0,0.0,52607.33956,755.74206
1100,0.13,0.33,0.0,0.52,0.12,12.5,0.0,0.0,0.0,0.0,0.0,0.0,59724.16189,757.34493
1100,0.13,0.33,0.0,0.52,0.12,12.5,0.0,0.0,0.0,0.0,0.0,0.0,69294.71955,759.14815
1100,0.13,0.33,0.0,0.52,0.12,12.5,0.0,0.0,0.0,0.0,0.0,0.0,80398.92074,760.3503
1100,0.13,0.33,0.0,0.52,0.12,12.5,0.0,0.0,0.0,0.0,0.0,0.0,94302.55787,762.55424
1000,0.13,0.52,0.0,0.22,0.48,12.8,0.0,0.0,0.0,0.0,0.0,4.9,26712.14365,648.69444
1000,0.13,0.52,0.0,0.22,0.48,12.8,0.0,0.0,0.0,0.0,0.0,4.9,27162.61987,661.29208
1000,0.13,0.52,0.0,0.22,0.48,12.8,0.0,0.0,0.0,0.0,0.0,4.9,28275.00239,673.18985
1000,0.13,0.52,0.0,0.22,0.48,12.8,0.0,0.0,0.0,0.0,0.0,4.9,30638.29824,683.33795
1000,0.13,0.52,0.0,0.22,0.48,12.8,0.0,0.0,0.0,0.0,0.0,4.9,34213.6867,694.53585
1000,0.13,0.52,0.0,0.22,0.48,12.8,0.0,0.0,0.0,0.0,0.0,4.9,39373.89283,703.28421
1000,0.13,0.52,0.0,0.22,0.48,12.8,0.0,0.0,0.0,0.0,0.0,4.9,44263.80617,710.98277
1000,0.13,0.52,0.0,0.22,0.48,12.8,0.0,0.0,0.0,0.0,0.0,4.9,53740.11137,720.431
1000,0.13,0.52,0.0,0.22,0.48,12.8,0.0,0.0,0.0,0.0,0.0,4.9,61433.02165,724.63021
1000,0.13,0.52,0.0,0.22,0.48,12.8,0.0,0.0,0.0,0.0,0.0,4.9,68831.89002,728.12956
1000,0.13,0.52,0.0,0.22,0.48,12.8,0.0,0.0,0.0,0.0,0.0,4.9,78948.8108,730.5791
1000,0.13,0.52,0.0,0.22,0.48,12.8,0.0,0.0,0.0,0.0,0.0,4.9,89948.99694,733.72851
1000,0.13,0.52,0.0,0.22,0.48,12.8,0.0,0.0,0.0,0.0,0.0,4.9,101119.92185,738.62759
1000,0.13,0.49,0.0,0.15,0.51,12.4,0.0,0.0,0.0,0.0,0.0,8.0,84328.67757,643.80367
1000,0.13,0.49,0.0,0.15,0.51,12.4,0.0,0.0,0.0,0.0,0.0,8.0,86414.87989,655.33858
1000,0.13,0.49,0.0,0.15,0.51,12.4,0.0,0.0,0.0,0.0,0.0,8.0,89173.15366,666.1293
1000,0.13,0.49,0.0,0.15,0.51,12.4,0.0,0.0,0.0,0.0,0.0,8.0,94956.63513,674.68746
980,0.15,1.0,0.0,0.5,0.0,13.0,0.0,0.0,0.0,0.0,0.0,0.0,3600.0,734.70055
980,0.15,1.0,0.0,0.5,0.0,13.0,0.0,0.0,0.0,0.0,0.0,0.0,7200.0,755.7992444444445
980,0.15,1.0,0.0,0.5,0.0,13.0,0.0,0.0,0.0,0.0,0.0,0.0,10800.0,762.1927833333334
980,0.15,1.0,0.0,0.5,0.0,13.0,0.0,0.0,0.0,0.0,0.0,0.0,14400.0,765.3895555555555
980,0.15,1.0,0.0,0.5,0.0,13.0,0.0,0.0,0.0,0.0,0.0,0.0,18000.0,768.1600888888888
980,0.15,1.0,0.0,0.5,0.0,13.0,0.0,0.0,0.0,0.0,0.0,0.0,21600.0,770.0781555555556
1260,0.17,0.56,0.0,0.46,0.35,20.96,0.04,0.0,0.013,0.0,0.12,0.0,7200.0,828.0987222222222
1260,0.17,0.56,0.0,0.46,0.35,20.96,0.04,0.0,0.013,0.0,0.12,0.0,14400.0,872.3919444444443
1260,0.17,0.56,0.0,0.46,0.35,20.96,0.04,0.0,0.013,0.0,0.12,0.0,28800.0,893.8332555555555
1260,0.17,0.56,0.0,0.56,0.35,20.96,0.0,0.0,0.0,0.0,0.17,0.0,6136.42525,497.26054
1260,0.17,0.56,0.0,0.56,0.35,20.96,0.0,0.0,0.0,0.0,0.17,0.0,6194.90536,504.49929
1260,0.17,0.56,0.0,0.56,0.35,20.96,0.0,0.0,0.0,0.0,0.17,0.0,6353.59141,511.01416
1260,0.17,0.56,0.0,0.56,0.35,20.96,0.0,0.0,0.0,0.0,0.17,0.0,6620.17193,517.34807
1260,0.17,0.56,0.0,0.56,0.35,20.96,0.0,0.0,0.0,0.0,0.17,0.0,6941.69305,522.9581
1260,0.17,0.56,0.0,0.56,0.35,20.96,0.0,0.0,0.0,0.0,0.17,0.0,7325.00112,528.20619
1260,0.17,0.56,0.0,0.56,0.35,20.96,0.0,0.0,0.0,0.0,0.17,0.0,7803.13664,532.36847
1260,0.17,0.56,0.0,0.56,0.35,20.96,0.0,0.0,0.0,0.0,0.17,0.0,8312.48221,537.07366
1260,0.17,0.56,0.0,0.56,0.35,20.96,0.0,0.0,0.0,0.0,0.17,0.0,8967.77181,541.95982
1260,0.17,0.56,0.0,0.56,0.35,20.96,0.0,0.0,0.0,0.0,0.17,0.0,9553.13831,545.57919
1260,0.17,0.56,0.0,0.56,0.35,20.96,0.0,0.0,0.0,0.0,0.17,0.0,10216.48251,549.74147
1260,0.17,0.56,0.0,0.56,0.35,20.96,0.0,0.0,0.0,0.0,0.17,0.0,11124.39412,553.72279
1260,0.17,0.56,0.0,0.56,0.35,20.96,0.0,0.0,0.0,0.0,0.17,0.0,12152.71888,557.34216
1260,0.17,0.56,0.0,0.56,0.35,20.96,0.0,0.0,0.0,0.0,0.17,0.0,13146.31984,560.78057
1260,0.17,0.56,0.0,0.56,0.35,20.96,0.0,0.0,0.0,0.0,0.17,0.0,14267.80124,563.85703
1260,0.17,0.56,0.0,0.56,0.35,20.96,0.0,0.0,0.0,0.0,0.17,0.0,15637.82144,567.11447
1260,0.17,0.56,0.0,0.56,0.35,20.96,0.0,0.0,0.0,0.0,0.17,0.0,17195.60908,570.37191
1260,0.17,0.56,0.0,0.56,0.35,20.96,0.0,0.0,0.0,0.0,0.17,0.0,19157.87495,573.99128
1260,0.17,0.56,0.0,0.56,0.35,20.96,0.0,0.0,0.0,0.0,0.17,0.0,21066.31858,577.06775
1260,0.17,0.56,0.0,0.56,0.35,20.96,0.0,0.0,0.0,0.0,0.17,0.0,23470.28797,579.78228
1260,0.17,0.56,0.0,0.56,0.35,20.96,0.0,0.0,0.0,0.0,0.17,0.0,25892.96869,581.59197
1260,0.17,0.56,0.0,0.56,0.35,20.96,0.0,0.0,0.0,0.0,0.17,0.0,28379.2586,583.94456
1260,0.17,0.56,0.0,0.56,0.35,20.96,0.0,0.0,0.0,0.0,0.17,0.0,31308.65949,586.47813
1260,0.17,0.56,0.0,0.56,0.35,20.96,0.0,0.0,0.0,0.0,0.17,0.0,34653.73224,588.83072
1260,0.17,0.56,0.0,0.56,0.35,20.96,0.0,0.0,0.0,0.0,0.17,0.0,38608.22059,591.36428
1260,0.17,0.56,0.0,0.56,0.35,20.96,0.0,0.0,0.0,0.0,0.17,0.0,42039.23039,593.17397
1260,0.17,0.56,0.0,0.56,0.35,20.96,0.0,0.0,0.0,0.0,0.17,0.0,46530.77637,594.62172
1260,0.17,0.56,0.0,0.56,0.35,20.96,0.0,0.0,0.0,0.0,0.17,0.0,52010.63831,596.79334
1020,0.22,0.52,0.0,0.35,0.59,12.0,1.35,0.31,0.0,0.31,0.0,0.0,165.16821,690.58396
1020,0.22,0.52,0.0,0.35,0.59,12.0,1.35,0.31,0.0,0.31,0.0,0.0,174.91045,697.61079
1020,0.22,0.52,0.0,0.35,0.59,12.0,1.35,0.31,0.0,0.31,0.0,0.0,189.01207,703.07611
1020,0.22,0.52,0.0,0.35,0.59,12.0,1.35,0.31,0.0,0.31,0.0,0.0,212.68273,706.9799
1020,0.22,0.52,0.0,0.35,0.59,12.0,1.35,0.31,0.0,0.31,0.0,0.0,240.93676,710.8837
1020,0.22,0.52,0.0,0.35,0.59,12.0,1.35,0.31,0.0,0.31,0.0,0.0,272.94422,714.98269
1020,0.22,0.52,0.0,0.35,0.59,12.0,1.35,0.31,0.0,0.31,0.0,0.0,312.34674,718.10572
1020,0.22,0.52,0.0,0.35,0.59,12.0,1.35,0.31,0.0,0.31,0.0,0.0,403.5588,724.54699
1020,0.22,0.52,0.0,0.35,0.59,12.0,1.35,0.31,0.0,0.31,0.0,0.0,461.81698,728.06041
1020,0.22,0.52,0.0,0.35,0.59,12.0,1.35,0.31,0.0,0.31,0.0,0.0,524.93413,731.18344
1020,0.22,0.52,0.0,0.35,0.59,12.0,1.35,0.31,0.0,0.31,0.0,0.0,615.0585,734.11129
1020,0.22,0.52,0.0,0.35,0.59,12.0,1.35,0.31,0.0,0.31,0.0,0.0,696.76651,737.03914
1020,0.22,0.52,0.0,0.35,0.59,12.0,1.35,0.31,0.0,0.31,0.0,0.0,786.67262,739.38142
1020,0.22,0.52,0.0,0.35,0.59,12.0,1.35,0.31,0.0,0.31,0.0,0.0,894.18824,741.13812
1020,0.22,0.52,0.0,0.35,0.59,12.0,1.35,0.31,0.0,0.31,0.0,0.0,979.39759,742.50445
1020,0.22,0.52,0.0,0.35,0.59,12.0,1.35,0.31,0.0,0.31,0.0,0.0,1039.23267,744.06597
1020,0.22,0.52,0.0,0.35,0.59,12.0,1.35,0.31,0.0,0.31,0.0,0.0,1198.03695,745.23711
1020,0.22,0.52,0.0,0.35,0.59,12.0,1.35,0.31,0.0,0.31,0.0,0.0,1361.60737,746.99382
1020,0.22,0.52,0.0,0.35,0.59,12.0,1.35,0.31,0.0,0.31,0.0,0.0,1564.10312,748.36015
1020,0.22,0.52,0.0,0.35,0.59,12.0,1.35,0.31,0.0,0.31,0.0,0.0,1790.33761,749.3361
1020,0.22,0.52,0.0,0.35,0.59,12.0,1.35,0.31,0.0,0.31,0.0,0.0,2312.58815,752.26395
1020,0.22,0.52,0.0,0.35,0.59,12.0,1.35,0.31,0.0,0.31,0.0,0.0,2637.69097,753.23989
1020,0.22,0.52,0.0,0.35,0.59,12.0,1.35,0.31,0.0,0.31,0.0,0.0,3008.49663,754.60622
1020,0.22,0.52,0.0,0.35,0.59,12.0,1.35,0.31,0.0,0.31,0.0,0.0,3468.2225,755.77736
1020,0.22,0.52,0.0,0.35,0.59,12.0,1.35,0.31,0.0,0.31,0.0,0.0,3984.01018,756.55812
1020,0.22,0.52,0.0,0.35,0.59,12.0,1.35,0.31,0.0,0.31,0.0,0.0,4464.02253,757.72926
1020,0.22,0.52,0.0,0.35,0.59,12.0,1.35,0.31,0.0,0.31,0.0,0.0,5164.49352,757.92445
1020,0.22,0.52,0.0,0.35,0.59,12.0,1.35,0.31,0.0,0.31,0.0,0.0,5996.15749,758.51002
1020,0.22,0.52,0.0,0.35,0.59,12.0,1.35,0.31,0.0,0.31,0.0,0.0,7036.39372,759.48597
1020,0.22,0.52,0.0,0.35,0.59,12.0,1.35,0.31,0.0,0.31,0.0,0.0,7856.19284,760.46192
1020,0.22,0.52,0.0,0.35,0.59,12.0,1.35,0.31,0.0,0.31,0.0,0.0,9088.94539,761.63306
1010,0.22,0.54,0.0,0.0,0.64,12.46,0.99,0.29,0.0,0.0,0.0,0.0,9035.2936,705.36258
1010,0.22,0.54,0.0,0.0,0.64,12.46,0.99,0.29,0.0,0.0,0.0,0.0,9977.48846,711.39549
1010,0.22,0.54,0.0,0.0,0.64,12.46,0.99,0.29,0.0,0.0,0.0,0.0,11155.398,714.68617
1010,0.22,0.54,0.0,0.0,0.64,12.46,0.99,0.29,0.0,0.0,0.0,0.0,12680.27676,717.4284
1010,0.22,0.54,0.0,0.0,0.64,12.46,0.99,0.29,0.0,0.0,0.0,0.0,14354.14862,719.62218
1010,0.22,0.54,0.0,0.0,0.64,12.46,0.99,0.29,0.0,0.0,0.0,0.0,16795.22397,721.26752
1010,0.22,0.54,0.0,0.0,0.64,12.46,0.99,0.29,0.0,0.0,0.0,0.0,18778.01298,724.00975
1010,0.22,0.54,0.0,0.0,0.64,12.46,0.99,0.29,0.0,0.0,0.0,0.0,24363.06465,727.0262
1010,0.22,0.54,0.0,0.0,0.64,12.46,0.99,0.29,0.0,0.0,0.0,0.0,27923.21976,728.94576
1010,0.22,0.54,0.0,0.0,0.64,12.46,0.99,0.29,0.0,0.0,0.0,0.0,30962.74215,730.04266
1010,0.22,0.54,0.0,0.0,0.64,12.46,0.99,0.29,0.0,0.0,0.0,0.0,35487.30284,729.21999
1010,0.22,0.54,0.0,0.0,0.64,12.46,0.99,0.29,0.0,0.0,0.0,0.0,40841.48514,731.13955
1010,0.22,0.54,0.0,0.0,0.64,12.46,0.99,0.29,0.0,0.0,0.0,0.0,46232.80381,732.23644
1010,0.22,0.54,0.0,0.0,0.64,12.46,0.99,0.29,0.0,0.0,0.0,0.0,51904.97958,732.51066
1010,0.22,0.54,0.0,0.0,0.64,12.46,0.99,0.29,0.0,0.0,0.0,0.0,58756.74524,732.23644
1010,0.22,0.54,0.0,0.0,0.64,12.46,0.99,0.29,0.0,0.0,0.0,0.0,66238.6511,731.96222
1010,0.22,0.54,0.0,0.0,0.64,12.46,0.99,0.29,0.0,0.0,0.0,0.0,73753.11341,732.23644
1010,0.22,0.54,0.0,0.0,0.64,12.46,0.99,0.29,0.0,0.0,0.0,0.0,84530.59676,731.688
1010,0.22,0.54,0.0,0.0,0.64,12.46,0.99,0.29,0.0,0.0,0.0,0.0,95689.13771,731.688
960,0.24,0.27,0.0,0.37,0.32,13.32,0.06,0.0,0.0,0.0,0.0,0.0,1473.45856,707.82395
960,0.24,0.27,0.0,0.37,0.32,13.32,0.06,0.0,0.0,0.0,0.0,0.0,1494.20703,714.97986
960,0.24,0.27,0.0,0.37,0.32,13.32,0.06,0.0,0.0,0.0,0.0,0.0,1569.15465,721.19421
960,0.24,0.27,0.0,0.37,0.32,13.32,0.06,0.0,0.0,0.0,0.0,0.0,1724.47731,727.03193
960,0.24,0.27,0.0,0.37,0.32,13.32,0.06,0.0,0.0,0.0,0.0,0.0,1921.86142,732.1164
960,0.24,0.27,0.0,0.37,0.32,13.32,0.06,0.0,0.0,0.0,0.0,0.0,2171.99842,735.50604
960,0.24,0.27,0.0,0.37,0.32,13.32,0.06,0.0,0.0,0.0,0.0,0.0,2412.1587,739.64894
960,0.24,0.27,0.0,0.37,0.32,13.32,0.06,0.0,0.0,0.0,0.0,0.0,2716.59627,743.2269
960,0.24,0.27,0.0,0.37,0.32,13.32,0.06,0.0,0.0,0.0,0.0,0.0,3409.64298,749.06462
960,0.24,0.27,0.0,0.37,0.32,13.32,0.06,0.0,0.0,0.0,0.0,0.0,3799.91159,752.07763
960,0.24,0.27,0.0,0.37,0.32,13.32,0.06,0.0,0.0,0.0,0.0,0.0,4354.95606,754.52571
960,0.24,0.27,0.0,0.37,0.32,13.32,0.06,0.0,0.0,0.0,0.0,0.0,5026.09261,757.35041
960,0.24,0.27,0.0,0.37,0.32,13.32,0.06,0.0,0.0,0.0,0.0,0.0,5780.41453,759.79849
960,0.24,0.27,0.0,0.37,0.32,13.32,0.06,0.0,0.0,0.0,0.0,0.0,6442.04225,762.43488
960,0.24,0.27,0.0,0.37,0.32,13.32,0.06,0.0,0.0,0.0,0.0,0.0,7331.57748,764.69464
960,0.24,0.27,0.0,0.37,0.32,13.32,0.06,0.0,0.0,0.0,0.0,0.0,8170.75172,766.57778
960,0.24,0.27,0.0,0.37,0.32,13.32,0.06,0.0,0.0,0.0,0.0,0.0,9364.23489,769.02586
1260,0.24,0.46,0.0,0.42,0.26,24.85,0.0,0.0,0.0,0.0,0.0,0.0,1025.92895,604.3137
1260,0.24,0.46,0.0,0.42,0.26,24.85,0.0,0.0,0.0,0.0,0.0,0.0,1032.73654,610.93845
1260,0.24,0.46,0.0,0.42,0.26,24.85,0.0,0.0,0.0,0.0,0.0,0.0,1043.03272,618.13104
1260,0.24,0.46,0.0,0.42,0.26,24.85,0.0,0.0,0.0,0.0,0.0,0.0,1049.9538,625.13434
1260,0.24,0.46,0.0,0.42,0.26,24.85,0.0,0.0,0.0,0.0,0.0,0.0,1078.10045,632.5162
1260,0.24,0.46,0.0,0.42,0.26,24.85,0.0,0.0,0.0,0.0,0.0,0.0,1118.03822,638.7624
1260,0.24,0.46,0.0,0.42,0.26,24.85,0.0,0.0,0.0,0.0,0.0,0.0,1171.01501,645.38714
1260,0.24,0.46,0.0,0.42,0.26,24.85,0.0,0.0,0.0,0.0,0.0,0.0,1198.43744,651.63334
1260,0.24,0.46,0.0,0.42,0.26,24.85,0.0,0.0,0.0,0.0,0.0,0.0,1255.22384,657.69025
1260,0.24,0.46,0.0,0.42,0.26,24.85,0.0,0.0,0.0,0.0,0.0,0.0,1323.42474,664.69355
1260,0.24,0.46,0.0,0.42,0.26,24.85,0.0,0.0,0.0,0.0,0.0,0.0,1428.00664,670.18263
1260,0.24,0.46,0.0,0.42,0.26,24.85,0.0,0.0,0.0,0.0,0.0,0.0,1646.20453,680.40367
1260,0.24,0.46,0.0,0.42,0.26,24.85,0.0,0.0,0.0,0.0,0.0,0.0,1788.08034,685.51419
1260,0.24,0.46,0.0,0.42,0.26,24.85,0.0,0.0,0.0,0.0,0.0,0.0,1935.77169,690.62471
1260,0.24,0.46,0.0,0.42,0.26,24.85,0.0,0.0,0.0,0.0,0.0,0.0,2123.56597,694.41028
1260,0.24,0.46,0.0,0.42,0.26,24.85,0.0,0.0,0.0,0.0,0.0,0.0,2291.37797,699.33152
1260,0.24,0.46,0.0,0.42,0.26,24.85,0.0,0.0,0.0,0.0,0.0,0.0,2505.37205,702.73854
1260,0.24,0.46,0.0,0.42,0.26,24.85,0.0,0.0,0.0,0.0,0.0,0.0,2730.30769,706.52411
1260,0.24,0.46,0.0,0.42,0.26,24.85,0.0,0.0,0.0,0.0,0.0,0.0,3045.11615,708.98473
1260,0.24,0.46,0.0,0.42,0.26,24.85,0.0,0.0,0.0,0.0,0.0,0.0,3362.69707,712.20246
1260,0.24,0.46,0.0,0.42,0.26,24.85,0.0,0.0,0.0,0.0,0.0,0.0,3725.69893,714.85236
1260,0.24,0.46,0.0,0.42,0.26,24.85,0.0,0.0,0.0,0.0,0.0,0.0,4127.88671,716.74515
1260,0.24,0.46,0.0,0.42,0.26,24.85,0.0,0.0,0.0,0.0,0.0,0.0,4665.13867,719.01649
1260,0.24,0.46,0.0,0.42,0.26,24.85,0.0,0.0,0.0,0.0,0.0,0.0,5185.85894,720.72
1260,0.24,0.46,0.0,0.42,0.26,24.85,0.0,0.0,0.0,0.0,0.0,0.0,5860.80791,722.99134
1260,0.24,0.46,0.0,0.42,0.26,24.85,0.0,0.0,0.0,0.0,0.0,0.0,6689.63872,724.88412
1260,0.24,0.46,0.0,0.42,0.26,24.85,0.0,0.0,0.0,0.0,0.0,0.0,7535.34816,727.53402
1260,0.24,0.46,0.0,0.42,0.26,24.85,0.0,0.0,0.0,0.0,0.0,0.0,9498.00474,730.75176
1260,0.24,0.46,0.0,0.42,0.26,24.85,0.0,0.0,0.0,0.0,0.0,0.0,10370.22998,731.50887
1260,0.24,0.46,0.0,0.42,0.26,24.85,0.0,0.0,0.0,0.0,0.0,0.0,11716.41157,733.59094
1260,0.24,0.46,0.0,0.42,0.26,24.85,0.0,0.0,0.0,0.0,0.0,0.0,13145.343,734.91589
1260,0.24,0.46,0.0,0.42,0.26,24.85,0.0,0.0,0.0,0.0,0.0,0.0,14748.54665,734.91589
1260,0.24,0.46,0.0,0.42,0.26,24.85,0.0,0.0,0.0,0.0,0.0,0.0,16432.27152,736.05156
1260,0.24,0.46,0.0,0.42,0.26,24.85,0.0,0.0,0.0,0.0,0.0,0.0,18630.23347,737.75506
1260,0.24,0.46,0.0,0.42,0.26,24.85,0.0,0.0,0.0,0.0,0.0,0.0,21719.74401,739.08001
1260,0.24,0.46,0.0,0.42,0.26,24.85,0.0,0.0,0.0,0.0,0.0,0.0,25410.053,739.08001
1260,0.24,0.46,0.0,0.42,0.26,24.85,0.0,0.0,0.0,0.0,0.0,0.0,28114.15401,739.64785
1260,0.24,0.46,0.0,0.42,0.26,24.85,0.0,0.0,0.0,0.0,0.0,0.0,32209.87992,739.83713
1260,0.24,0.46,0.0,0.42,0.26,24.85,0.0,0.0,0.0,0.0,0.0,0.0,36518.23682,739.83713
1260,0.24,0.46,0.0,0.42,0.26,24.85,0.0,0.0,0.0,0.0,0.0,0.0,41402.87464,739.83713
1260,0.24,0.46,0.0,0.42,0.26,24.85,0.0,0.0,0.0,0.0,0.0,0.0,47269.40308,740.02641
1260,0.24,0.46,0.0,0.42,0.26,24.85,0.0,0.0,0.0,0.0,0.0,0.0,54155.70379,740.02641
1260,0.24,0.46,0.0,0.42,0.26,24.85,0.0,0.0,0.0,0.0,0.0,0.0,60972.77647,740.40496
980,0.25,0.29,0.0,0.37,0.13,13.4,0.0,0.0,0.0,0.0,0.0,0.0,720.42799,691.07434
980,0.25,0.29,0.0,0.37,0.13,13.4,0.0,0.0,0.0,0.0,0.0,0.0,749.95364,697.86852
980,0.25,0.29,0.0,0.37,0.13,13.4,0.0,0.0,0.0,0.0,0.0,0.0,796.5264,703.71906
980,0.25,0.29,0.0,0.37,0.13,13.4,0.0,0.0,0.0,0.0,0.0,0.0,851.6737,709.00343
980,0.25,0.29,0.0,0.37,0.13,13.4,0.0,0.0,0.0,0.0,0.0,0.0,1000.11189,716.92998
980,0.25,0.29,0.0,0.37,0.13,13.4,0.0,0.0,0.0,0.0,0.0,0.0,1035.39489,718.06234
980,0.25,0.29,0.0,0.37,0.13,13.4,0.0,0.0,0.0,0.0,0.0,0.0,1160.88662,721.64816
980,0.25,0.29,0.0,0.37,0.13,13.4,0.0,0.0,0.0,0.0,0.0,0.0,1292.59496,724.66779
980,0.25,0.29,0.0,0.37,0.13,13.4,0.0,0.0,0.0,0.0,0.0,0.0,1449.2598,726.93252
980,0.25,0.29,0.0,0.37,0.13,13.4,0.0,0.0,0.0,0.0,0.0,0.0,1641.90015,730.32961
980,0.25,0.29,0.0,0.37,0.13,13.4,0.0,0.0,0.0,0.0,0.0,0.0,1853.70947,733.34925
980,0.25,0.29,0.0,0.37,0.13,13.4,0.0,0.0,0.0,0.0,0.0,0.0,2085.60004,735.61398
980,0.25,0.29,0.0,0.37,0.13,13.4,0.0,0.0,0.0,0.0,0.0,0.0,2362.82482,738.44489
980,0.25,0.29,0.0,0.37,0.13,13.4,0.0,0.0,0.0,0.0,0.0,0.0,2667.63527,741.65325
980,0.25,0.29,0.0,0.37,0.13,13.4,0.0,0.0,0.0,0.0,0.0,0.0,2949.76869,743.3518
980,0.25,0.29,0.0,0.37,0.13,13.4,0.0,0.0,0.0,0.0,0.0,0.0,3307.28599,745.23907
980,0.25,0.29,0.0,0.37,0.13,13.4,0.0,0.0,0.0,0.0,0.0,0.0,3669.76987,746.93762
980,0.25,0.29,0.0,0.37,0.13,13.4,0.0,0.0,0.0,0.0,0.0,0.0,4645.34043,750.14598
980,0.25,0.29,0.0,0.37,0.13,13.4,0.0,0.0,0.0,0.0,0.0,0.0,5299.43027,751.84453
980,0.25,0.29,0.0,0.37,0.13,13.4,0.0,0.0,0.0,0.0,0.0,0.0,6151.32487,753.92053
980,0.25,0.29,0.0,0.37,0.13,13.4,0.0,0.0,0.0,0.0,0.0,0.0,6968.97908,755.05289
980,0.25,0.29,0.0,0.37,0.13,13.4,0.0,0.0,0.0,0.0,0.0,0.0,8033.36508,756.37398
980,0.25,0.29,0.0,0.37,0.13,13.4,0.0,0.0,0.0,0.0,0.0,0.0,9228.26969,758.07253
980,0.25,0.29,0.0,0.37,0.13,13.4,0.0,0.0,0.0,0.0,0.0,0.0,10411.24478,758.63871
980,0.25,0.29,0.0,0.37,0.13,13.4,0.0,0.0,0.0,0.0,0.0,0.0,11890.21577,759.9598
980,0.25,0.29,0.0,0.37,0.13,13.4,0.0,0.0,0.0,0.0,0.0,0.0,13395.53892,761.09216
980,0.25,0.29,0.0,0.37,0.13,13.4,0.0,0.0,0.0,0.0,0.0,0.0,15194.58899,762.79071
980,0.25,0.29,0.0,0.37,0.13,13.4,0.0,0.0,0.0,0.0,0.0,0.0,17771.74717,764.86671
980,0.25,0.29,0.0,0.37,0.13,13.4,0.0,0.0,0.0,0.0,0.0,0.0,20365.56017,765.81034
980,0.25,0.29,0.0,0.37,0.13,13.4,0.0,0.0,0.0,0.0,0.0,0.0,23738.77879,767.50889
980,0.25,0.29,0.0,0.37,0.13,13.4,0.0,0.0,0.0,0.0,0.0,0.0,32363.95256,769.96235
1250,0.25,0.29,0.0,0.37,0.13,13.4,0.0,0.0,0.0,0.0,0.0,0.0,11145.02826,701.75367
1250,0.25,0.29,0.0,0.37,0.13,13.4,0.0,0.0,0.0,0.0,0.0,0.0,11260.98193,708.65145
1250,0.25,0.29,0.0,0.37,0.13,13.4,0.0,0.0,0.0,0.0,0.0,0.0,11576.12378,714.43068
1250,0.25,0.29,0.0,0.37,0.13,13.4,0.0,0.0,0.0,0.0,0.0,0.0,12233.11229,721.88774
1250,0.25,0.29,0.0,0.37,0.13,13.4,0.0,0.0,0.0,0.0,0.0,0.0,13289.16406,727.85339
1250,0.25,0.29,0.0,0.37,0.13,13.4,0.0,0.0,0.0,0.0,0.0,0.0,14943.14426,734.56474
1250,0.25,0.29,0.0,0.37,0.13,13.4,0.0,0.0,0.0,0.0,0.0,0.0,16687.43512,740.15754
1250,0.25,0.29,0.0,0.37,0.13,13.4,0.0,0.0,0.0,0.0,0.0,0.0,18764.36691,745.00463
1250,0.25,0.29,0.0,0.37,0.13,13.4,0.0,0.0,0.0,0.0,0.0,0.0,20738.93401,747.98745
1250,0.25,0.29,0.0,0.37,0.13,13.4,0.0,0.0,0.0,0.0,0.0,0.0,23239.80038,751.71598
1250,0.25,0.29,0.0,0.37,0.13,13.4,0.0,0.0,0.0,0.0,0.0,0.0,26404.12663,755.25809
1250,0.25,0.29,0.0,0.37,0.13,13.4,0.0,0.0,0.0,0.0,0.0,0.0,29690.40577,758.42734
1250,0.25,0.29,0.0,0.37,0.13,13.4,0.0,0.0,0.0,0.0,0.0,0.0,37411.6121,764.39299
1250,0.25,0.29,0.0,0.37,0.13,13.4,0.0,0.0,0.0,0.0,0.0,0.0,42213.28125,767.74866
1250,0.25,0.29,0.0,0.37,0.13,13.4,0.0,0.0,0.0,0.0,0.0,0.0,48627.50365,770.91791
1250,0.25,0.29,0.0,0.37,0.13,13.4,0.0,0.0,0.0,0.0,0.0,0.0,55631.15976,773.90074
1250,0.25,0.29,0.0,0.37,0.13,13.4,0.0,0.0,0.0,0.0,0.0,0.0,65877.61654,776.13786
1250,0.25,0.29,0.0,0.37,0.13,13.4,0.0,0.0,0.0,0.0,0.0,0.0,74847.49874,778.93425
1250,0.25,0.29,0.0,0.37,0.13,13.4,0.0,0.0,0.0,0.0,0.0,0.0,85038.71819,780.98495
1250,0.25,0.29,0.0,0.37,0.13,13.4,0.0,0.0,0.0,0.0,0.0,0.0,96617.57191,782.84921
1000,0.29,0.4,0.0,0.85,0.18,13.32,0.1,0.0,0.0,0.0,0.0,0.0,1437.37449,703.13718
1000,0.29,0.4,0.0,0.85,0.18,13.32,0.1,0.0,0.0,0.0,0.0,0.0,1474.78528,710.68805
1000,0.29,0.4,0.0,0.85,0.18,13.32,0.1,0.0,0.0,0.0,0.0,0.0,1542.61235,716.91752
1000,0.29,0.4,0.0,0.85,0.18,13.32,0.1,0.0,0.0,0.0,0.0,0.0,1634.42218,723.33576
1000,0.29,0.4,0.0,0.85,0.18,13.32,0.1,0.0,0.0,0.0,0.0,0.0,1759.72976,728.4326
1000,0.29,0.4,0.0,0.85,0.18,13.32,0.1,0.0,0.0,0.0,0.0,0.0,2189.25481,737.49364
1000,0.29,0.4,0.0,0.85,0.18,13.32,0.1,0.0,0.0,0.0,0.0,0.0,2402.9636,741.45785
1000,0.29,0.4,0.0,0.85,0.18,13.32,0.1,0.0,0.0,0.0,0.0,0.0,2714.8872,744.66697
1000,0.29,0.4,0.0,0.85,0.18,13.32,0.1,0.0,0.0,0.0,0.0,0.0,3077.16829,748.4424
1000,0.29,0.4,0.0,0.85,0.18,13.32,0.1,0.0,0.0,0.0,0.0,0.0,3487.79303,751.27398
1000,0.29,0.4,0.0,0.85,0.18,13.32,0.1,0.0,0.0,0.0,0.0,0.0,3978.68794,753.72801
1000,0.29,0.4,0.0,0.85,0.18,13.32,0.1,0.0,0.0,0.0,0.0,0.0,4437.77261,756.37082
1000,0.29,0.4,0.0,0.85,0.18,13.32,0.1,0.0,0.0,0.0,0.0,0.0,4981.72705,758.63608
1000,0.29,0.4,0.0,0.85,0.18,13.32,0.1,0.0,0.0,0.0,0.0,0.0,5646.5007,760.5238
1000,0.29,0.4,0.0,0.85,0.18,13.32,0.1,0.0,0.0,0.0,0.0,0.0,6441.22632,762.78906
1000,0.29,0.4,0.0,0.85,0.18,13.32,0.1,0.0,0.0,0.0,0.0,0.0,7418.94763,764.488
1000,0.29,0.4,0.0,0.85,0.18,13.32,0.1,0.0,0.0,0.0,0.0,0.0,8517.67753,766.56449
1000,0.29,0.4,0.0,0.85,0.18,13.32,0.1,0.0,0.0,0.0,0.0,0.0,9531.06036,767.88589
1000,0.29,0.4,0.0,0.85,0.18,13.32,0.1,0.0,0.0,0.0,0.0,0.0,12173.28751,770.5287
1000,0.29,0.4,0.0,0.85,0.18,13.32,0.1,0.0,0.0,0.0,0.0,0.0,14266.9214,772.03887
1000,0.29,0.4,0.0,0.85,0.18,13.32,0.1,0.0,0.0,0.0,0.0,0.0,16469.8112,774.11536
1000,0.29,0.4,0.0,0.85,0.18,13.32,0.1,0.0,0.0,0.0,0.0,0.0,18869.6982,775.24799
1000,0.29,0.4,0.0,0.85,0.18,13.32,0.1,0.0,0.0,0.0,0.0,0.0,22115.02035,776.94694
1000,0.29,0.4,0.0,0.85,0.18,13.32,0.1,0.0,0.0,0.0,0.0,0.0,25146.73808,777.51325
1000,0.29,0.4,0.0,0.85,0.18,13.32,0.1,0.0,0.0,0.0,0.0,0.0,28271.76652,779.02343
1000,0.29,0.4,0.0,0.85,0.18,13.32,0.1,0.0,0.0,0.0,0.0,0.0,33638.71302,780.15606
1000,0.29,0.4,0.0,0.85,0.18,13.32,0.1,0.0,0.0,0.0,0.0,0.0,39873.53949,781.47746
1000,0.29,0.4,0.0,0.85,0.18,13.32,0.1,0.0,0.0,0.0,0.0,0.0,46030.22956,782.04377
1000,0.29,0.4,0.0,0.85,0.18,13.32,0.1,0.0,0.0,0.0,0.0,0.0,53743.32361,782.98763
1000,0.29,0.4,0.0,0.85,0.18,13.32,0.1,0.0,0.0,0.0,0.0,0.0,62748.86873,785.25289
1000,0.29,0.4,0.0,0.85,0.18,13.32,0.1,0.0,0.0,0.0,0.0,0.0,72711.86128,785.63044
1000,0.29,0.4,0.0,0.85,0.18,13.32,0.1,0.0,0.0,0.0,0.0,0.0,93659.72594,787.14061
1000,0.3,0.48,0.07,2.2,0.12,10.5,1.0,0.012,0.0,0.0,0.0,0.0,519.93921,775.38645
1000,0.3,0.48,0.07,2.2,0.12,10.5,1.0,0.012,0.0,0.0,0.0,0.0,529.8315,786.63975
1000,0.3,0.48,0.07,2.2,0.12,10.5,1.0,0.012,0.0,0.0,0.0,0.0,633.71974,804.92637
1000,0.3,0.48,0.07,2.2,0.12,10.5,1.0,0.012,0.0,0.0,0.0,0.0,719.69316,812.80368
1000,0.3,0.48,0.07,2.2,0.12,10.5,1.0,0.012,0.0,0.0,0.0,0.0,825.06871,819.83699
1000,0.3,0.48,0.07,2.2,0.12,10.5,1.0,0.012,0.0,0.0,0.0,0.0,945.87307,824.61964
1000,0.3,0.48,0.07,2.2,0.12,10.5,1.0,0.012,0.0,0.0,0.0,0.0,1099.20733,828.5583
1000,0.3,0.48,0.07,2.2,0.12,10.5,1.0,0.012,0.0,0.0,0.0,0.0,1278.08949,833.62228
1000,0.3,0.48,0.07,2.2,0.12,10.5,1.0,0.012,0.0,0.0,0.0,0.0,1507.23794,838.1236
1000,0.3,0.48,0.07,2.2,0.12,10.5,1.0,0.012,0.0,0.0,0.0,0.0,1785.86519,842.34359
1000,0.3,0.48,0.07,2.2,0.12,10.5,1.0,0.012,0.0,0.0,0.0,0.0,2057.01623,845.71958
1000,0.3,0.48,0.07,2.2,0.12,10.5,1.0,0.012,0.0,0.0,0.0,0.0,2403.06584,849.09557
1000,0.3,0.48,0.07,2.2,0.12,10.5,1.0,0.012,0.0,0.0,0.0,0.0,2847.29538,852.19023
1000,0.3,0.48,0.07,2.2,0.12,10.5,1.0,0.012,0.0,0.0,0.0,0.0,3357.78649,855.28489
1000,0.3,0.48,0.07,2.2,0.12,10.5,1.0,0.012,0.0,0.0,0.0,0.0,4150.84624,858.66088
1000,0.3,0.48,0.07,2.2,0.12,10.5,1.0,0.012,0.0,0.0,0.0,0.0,6022.74487,861.75554
1000,0.3,0.48,0.07,2.2,0.12,10.5,1.0,0.012,0.0,0.0,0.0,0.0,7102.56178,864.0062
1000,0.3,0.48,0.07,2.2,0.12,10.5,1.0,0.012,0.0,0.0,0.0,0.0,8375.97887,864.85019
1000,0.3,0.48,0.07,2.2,0.12,10.5,1.0,0.012,0.0,0.0,0.0,0.0,9693.28363,865.69419
1000,0.3,0.48,0.07,2.2,0.12,10.5,1.0,0.012,0.0,0.0,0.0,0.0,10752.00738,867.66352
1000,0.3,0.48,0.07,2.2,0.12,10.5,1.0,0.012,0.0,0.0,0.0,0.0,12679.73296,866.53819
1000,0.3,0.48,0.07,2.2,0.12,10.5,1.0,0.012,0.0,0.0,0.0,0.0,14604.91901,866.53819
1000,0.3,0.48,0.07,2.2,0.12,10.5,1.0,0.012,0.0,0.0,0.0,0.0,17800.9761,867.66352
1000,0.3,0.48,0.07,2.2,0.12,10.5,1.0,0.012,0.0,0.0,0.0,0.0,21901.86432,868.50752
1000,0.3,0.48,0.07,2.2,0.12,10.5,1.0,0.012,0.0,0.0,0.0,0.0,25950.632,869.35151
1000,0.3,0.48,0.07,2.2,0.12,10.5,1.0,0.012,0.0,0.0,0.0,0.0,31928.99186,870.19551
1000,0.3,0.48,0.07,2.2,0.12,10.5,1.0,0.012,0.0,0.0,0.0,0.0,39284.61246,871.03951
1000,0.3,0.48,0.07,2.2,0.12,10.5,1.0,0.012,0.0,0.0,0.0,0.0,46327.94395,872.16484
1000,0.42,0.16,0.08,0.44,0.27,13.4,0.0,0.0,0.0,0.0,0.0,0.0,3183.85923,705.4605
1000,0.42,0.16,0.08,0.44,0.27,13.4,0.0,0.0,0.0,0.0,0.0,0.0,3552.48343,720.04406
1000,0.42,0.16,0.08,0.44,0.27,13.4,0.0,0.0,0.0,0.0,0.0,0.0,3852.10893,726.7525
1000,0.42,0.16,0.08,0.44,0.27,13.4,0.0,0.0,0.0,0.0,0.0,0.0,4298.10245,733.46094
1000,0.42,0.16,0.08,0.44,0.27,13.4,0.0,0.0,0.0,0.0,0.0,0.0,4727.69134,738.12768
1000,0.42,0.16,0.08,0.44,0.27,13.4,0.0,0.0,0.0,0.0,0.0,0.0,5350.97807,743.66943
1000,0.42,0.16,0.08,0.44,0.27,13.4,0.0,0.0,0.0,0.0,0.0,0.0,6027.6581,747.75283
1000,0.42,0.16,0.08,0.44,0.27,13.4,0.0,0.0,0.0,0.0,0.0,0.0,6887.63147,752.41957
1000,0.42,0.16,0.08,0.44,0.27,13.4,0.0,0.0,0.0,0.0,0.0,0.0,7945.63166,755.04461
1000,0.42,0.16,0.08,0.44,0.27,13.4,0.0,0.0,0.0,0.0,0.0,0.0,9298.06993,757.96132
1000,0.42,0.16,0.08,0.44,0.27,13.4,0.0,0.0,0.0,0.0,0.0,0.0,10493.5982,764.08642
1000,0.42,0.16,0.08,0.44,0.27,13.4,0.0,0.0,0.0,0.0,0.0,0.0,12137.58236,765.54477
1000,0.42,0.16,0.08,0.44,0.27,13.4,0.0,0.0,0.0,0.0,0.0,0.0,13570.3632,767.58647
1000,0.42,0.16,0.08,0.44,0.27,13.4,0.0,0.0,0.0,0.0,0.0,0.0,15320.20595,769.3365
1000,0.42,0.16,0.08,0.44,0.27,13.4,0.0,0.0,0.0,0.0,0.0,0.0,20200.37097,774.00324
1000,0.42,0.16,0.08,0.44,0.27,13.4,0.0,0.0,0.0,0.0,0.0,0.0,22916.03109,774.87825
1000,0.42,0.16,0.08,0.44,0.27,13.4,0.0,0.0,0.0,0.0,0.0,0.0,26377.90114,776.91995
1000,0.42,0.16,0.08,0.44,0.27,13.4,0.0,0.0,0.0,0.0,0.0,0.0,30658.78361,778.08664
1000,0.42,0.16,0.08,0.44,0.27,13.4,0.0,0.0,0.0,0.0,0.0,0.0,35981.84719,779.54499
1000,0.42,0.16,0.08,0.44,0.27,13.4,0.0,0.0,0.0,0.0,0.0,0.0,41618.95903,780.12834
1000,0.42,0.16,0.08,0.44,0.27,13.4,0.0,0.0,0.0,0.0,0.0,0.0,47214.05168,780.71168
1000,0.42,0.16,0.08,0.44,0.27,13.4,0.0,0.0,0.0,0.0,0.0,0.0,54346.56562,781.87836
1000,0.42,0.16,0.08,0.44,0.27,13.4,0.0,0.0,0.0,0.0,0.0,0.0,61952.5358,783.04505
1000,0.42,0.16,0.08,0.44,0.27,13.4,0.0,0.0,0.0,0.0,0.0,0.0,70281.19624,784.21173
1000,0.42,0.16,0.08,0.44,0.27,13.4,0.0,0.0,0.0,0.0,0.0,0.0,82084.42384,784.79507
1000,0.42,0.16,0.08,0.44,0.27,13.4,0.0,0.0,0.0,0.0,0.0,0.0,96336.1506,784.79507
1050,0.44,0.2,0.09,0.3,0.31,13.12,0.01,0.02,0.0,0.0,0.0,0.0,1421.36639,700.24809
1050,0.44,0.2,0.09,0.3,0.31,13.12,0.01,0.02,0.0,0.0,0.0,0.0,1431.11173,707.15582
1050,0.44,0.2,0.09,0.3,0.31,13.12,0.01,0.02,0.0,0.0,0.0,0.0,1501.22592,714.25024
1050,0.44,0.2,0.09,0.3,0.31,13.12,0.01,0.02,0.0,0.0,0.0,0.0,1558.71716,719.8511
1050,0.44,0.2,0.09,0.3,0.31,13.12,0.01,0.02,0.0,0.0,0.0,0.0,1663.25403,725.63866
1050,0.44,0.2,0.09,0.3,0.31,13.12,0.01,0.02,0.0,0.0,0.0,0.0,1830.22132,730.86612
1050,0.44,0.2,0.09,0.3,0.31,13.12,0.01,0.02,0.0,0.0,0.0,0.0,1973.08652,736.46698
1050,0.44,0.2,0.09,0.3,0.31,13.12,0.01,0.02,0.0,0.0,0.0,0.0,2216.12198,742.06784
1050,0.44,0.2,0.09,0.3,0.31,13.12,0.01,0.02,0.0,0.0,0.0,0.0,2514.73627,746.73523
1050,0.44,0.2,0.09,0.3,0.31,13.12,0.01,0.02,0.0,0.0,0.0,0.0,2853.58773,750.84253
1050,0.44,0.2,0.09,0.3,0.31,13.12,0.01,0.02,0.0,0.0,0.0,0.0,3183.25374,754.38974
1050,0.44,0.2,0.09,0.3,0.31,13.12,0.01,0.02,0.0,0.0,0.0,0.0,3587.58782,757.75025
1050,0.44,0.2,0.09,0.3,0.31,13.12,0.01,0.02,0.0,0.0,0.0,0.0,4683.11813,763.53781
1050,0.44,0.2,0.09,0.3,0.31,13.12,0.01,0.02,0.0,0.0,0.0,0.0,5350.58661,766.33824
1050,0.44,0.2,0.09,0.3,0.31,13.12,0.01,0.02,0.0,0.0,0.0,0.0,6009.64655,768.57858
1050,0.44,0.2,0.09,0.3,0.31,13.12,0.01,0.02,0.0,0.0,0.0,0.0,6842.76248,771.00562
1050,0.44,0.2,0.09,0.3,0.31,13.12,0.01,0.02,0.0,0.0,0.0,0.0,7791.37307,772.68588
1050,0.44,0.2,0.09,0.3,0.31,13.12,0.01,0.02,0.0,0.0,0.0,0.0,9179.81744,775.11292
980,0.45,0.4,0.0,0.32,0.12,13.8,0.0,0.0,0.0,0.0,0.0,0.0,1408.12708,704.2886
980,0.45,0.4,0.0,0.32,0.12,13.8,0.0,0.0,0.0,0.0,0.0,0.0,1422.88242,712.29399
980,0.45,0.4,0.0,0.32,0.12,13.8,0.0,0.0,0.0,0.0,0.0,0.0,1483.46624,719.53696
980,0.45,0.4,0.0,0.32,0.12,13.8,0.0,0.0,0.0,0.0,0.0,0.0,1579.21276,726.20812
980,0.45,0.4,0.0,0.32,0.12,13.8,0.0,0.0,0.0,0.0,0.0,0.0,1698.75514,732.49806
980,0.45,0.4,0.0,0.32,0.12,13.8,0.0,0.0,0.0,0.0,0.0,0.0,1878.85541,738.4068
980,0.45,0.4,0.0,0.32,0.12,13.8,0.0,0.0,0.0,0.0,0.0,0.0,2114.46844,742.6001
980,0.45,0.4,0.0,0.32,0.12,13.8,0.0,0.0,0.0,0.0,0.0,0.0,2429.76001,747.17461
980,0.45,0.4,0.0,0.32,0.12,13.8,0.0,0.0,0.0,0.0,0.0,0.0,2743.97583,751.36791
980,0.45,0.4,0.0,0.32,0.12,13.8,0.0,0.0,0.0,0.0,0.0,0.0,3066.69101,754.41758
980,0.45,0.4,0.0,0.32,0.12,13.8,0.0,0.0,0.0,0.0,0.0,0.0,3475.32941,757.46725
980,0.45,0.4,0.0,0.32,0.12,13.8,0.0,0.0,0.0,0.0,0.0,0.0,3979.68863,760.32632
980,0.45,0.4,0.0,0.32,0.12,13.8,0.0,0.0,0.0,0.0,0.0,0.0,4509.98451,762.99478
980,0.45,0.4,0.0,0.32,0.12,13.8,0.0,0.0,0.0,0.0,0.0,0.0,5128.73264,765.66324
980,0.45,0.4,0.0,0.32,0.12,13.8,0.0,0.0,0.0,0.0,0.0,0.0,5852.67118,768.1411
980,0.45,0.4,0.0,0.32,0.12,13.8,0.0,0.0,0.0,0.0,0.0,0.0,6632.54309,771.00017
980,0.45,0.4,0.0,0.32,0.12,13.8,0.0,0.0,0.0,0.0,0.0,0.0,7542.49603,772.90621
980,0.45,0.4,0.0,0.32,0.12,13.8,0.0,0.0,0.0,0.0,0.0,0.0,8788.47417,775.19347
980,0.45,0.4,0.0,0.32,0.12,13.8,0.0,0.0,0.0,0.0,0.0,0.0,9890.57016,776.90891
980,0.45,0.4,0.0,0.32,0.12,13.8,0.0,0.0,0.0,0.0,0.0,0.0,10576.15446,777.09951
980,0.45,0.4,0.0,0.32,0.12,13.8,0.0,0.0,0.0,0.0,0.0,0.0,12098.02475,778.62435
980,0.45,0.4,0.0,0.32,0.12,13.8,0.0,0.0,0.0,0.0,0.0,0.0,13838.88666,780.53039
980,0.45,0.4,0.0,0.32,0.12,13.8,0.0,0.0,0.0,0.0,0.0,0.0,18496.66666,784.53309
980,0.45,0.4,0.0,0.32,0.12,13.8,0.0,0.0,0.0,0.0,0.0,0.0,21083.5463,785.86732
980,0.45,0.4,0.0,0.32,0.12,13.8,0.0,0.0,0.0,0.0,0.0,0.0,24897.67369,787.58276
980,0.45,0.4,0.0,0.32,0.12,13.8,0.0,0.0,0.0,0.0,0.0,0.0,29297.96042,788.53578
980,0.45,0.4,0.0,0.32,0.12,13.8,0.0,0.0,0.0,0.0,0.0,0.0,33991.47719,791.20424
980,0.45,0.4,0.0,0.32,0.12,13.8,0.0,0.0,0.0,0.0,0.0,0.0,39716.93007,792.72908
980,0.45,0.4,0.0,0.32,0.12,13.8,0.0,0.0,0.0,0.0,0.0,0.0,46571.23959,793.87271
980,0.45,0.4,0.0,0.32,0.12,13.8,0.0,0.0,0.0,0.0,0.0,0.0,54608.45923,795.01633
980,0.45,0.4,0.0,0.32,0.12,13.8,0.0,0.0,0.0,0.0,0.0,0.0,61371.13405,796.73177
980,0.45,0.4,0.0,0.32,0.12,13.8,0.0,0.0,0.0,0.0,0.0,0.0,70451.02627,797.30359
870,0.62,0.3,0.0,0.17,0.0,16.59,0.0,0.0,0.0,0.0,0.0,0.0,1909.26739,712.79843
870,0.62,0.3,0.0,0.17,0.0,16.59,0.0,0.0,0.0,0.0,0.0,0.0,1954.67956,719.14957
870,0.62,0.3,0.0,0.17,0.0,16.59,0.0,0.0,0.0,0.0,0.0,0.0,2076.47552,724.95633
870,0.62,0.3,0.0,0.17,0.0,16.59,0.0,0.0,0.0,0.0,0.0,0.0,2415.21013,733.84792
870,0.62,0.3,0.0,0.17,0.0,16.59,0.0,0.0,0.0,0.0,0.0,0.0,2671.20361,737.11423
870,0.62,0.3,0.0,0.17,0.0,16.59,0.0,0.0,0.0,0.0,0.0,0.0,2964.26801,739.29176
870,0.62,0.3,0.0,0.17,0.0,16.59,0.0,0.0,0.0,0.0,0.0,0.0,3379.05422,740.74345
870,0.62,0.3,0.0,0.17,0.0,16.59,0.0,0.0,0.0,0.0,0.0,0.0,3826.09764,742.55806
870,0.62,0.3,0.0,0.17,0.0,16.59,0.0,0.0,0.0,0.0,0.0,0.0,4390.86967,744.55413
870,0.62,0.3,0.0,0.17,0.0,16.59,0.0,0.0,0.0,0.0,0.0,0.0,5039.00796,746.18728
870,0.62,0.3,0.0,0.17,0.0,16.59,0.0,0.0,0.0,0.0,0.0,0.0,5880.73426,747.82043
870,0.62,0.3,0.0,0.17,0.0,16.59,0.0,0.0,0.0,0.0,0.0,0.0,6636.4227,749.09066
870,0.62,0.3,0.0,0.17,0.0,16.59,0.0,0.0,0.0,0.0,0.0,0.0,7514.41072,750.72381
870,0.62,0.3,0.0,0.17,0.0,16.59,0.0,0.0,0.0,0.0,0.0,0.0,8537.1757,752.35696
870,0.62,0.3,0.0,0.17,0.0,16.59,0.0,0.0,0.0,0.0,0.0,0.0,9797.35213,752.90135
870,0.62,0.3,0.0,0.17,0.0,16.59,0.0,0.0,0.0,0.0,0.0,0.0,10851.6211,754.5345
870,0.62,0.3,0.0,0.17,0.0,16.59,0.0,0.0,0.0,0.0,0.0,0.0,14216.84427,756.71203
870,0.62,0.3,0.0,0.17,0.0,16.59,0.0,0.0,0.0,0.0,0.0,0.0,16189.37639,757.61934
870,0.62,0.3,0.0,0.17,0.0,16.59,0.0,0.0,0.0,0.0,0.0,0.0,18625.66514,758.52664
870,0.62,0.3,0.0,0.17,0.0,16.59,0.0,0.0,0.0,0.0,0.0,0.0,21065.35912,759.79687
870,0.62,0.3,0.0,0.17,0.0,16.59,0.0,0.0,0.0,0.0,0.0,0.0,23906.21729,760.88564
870,0.62,0.3,0.0,0.17,0.0,16.59,0.0,0.0,0.0,0.0,0.0,0.0,27692.51316,761.97441
870,0.62,0.3,0.0,0.17,0.0,16.59,0.0,0.0,0.0,0.0,0.0,0.0,31427.10425,762.88171
870,0.62,0.3,0.0,0.17,0.0,16.59,0.0,0.0,0.0,0.0,0.0,0.0,36033.05776,763.24463
870,0.62,0.3,0.0,0.17,0.0,16.59,0.0,0.0,0.0,0.0,0.0,0.0,40062.08984,764.69632
870,0.62,0.3,0.0,0.17,0.0,16.59,0.0,0.0,0.0,0.0,0.0,0.0,45464.83255,765.42217
870,0.62,0.3,0.0,0.17,0.0,16.59,0.0,0.0,0.0,0.0,0.0,0.0,53390.84313,765.24071
870,0.93,0.49,0.0,0.43,0.0,18.4,0.55,0.0,0.0,0.0,0.0,0.0,1577.79471,715.04909
870,0.93,0.49,0.0,0.43,0.0,18.4,0.55,0.0,0.0,0.0,0.0,0.0,1692.88579,721.24585
870,0.93,0.49,0.0,0.43,0.0,18.4,0.55,0.0,0.0,0.0,0.0,0.0,2150.75044,727.82991
870,0.93,0.49,0.0,0.43,0.0,18.4,0.55,0.0,0.0,0.0,0.0,0.0,2415.69635,730.541
870,0.93,0.49,0.0,0.43,0.0,18.4,0.55,0.0,0.0,0.0,0.0,0.0,2713.28033,733.05843
870,0.93,0.49,0.0,0.43,0.0,18.4,0.55,0.0,0.0,0.0,0.0,0.0,3069.05524,734.22033
870,0.93,0.49,0.0,0.43,0.0,18.4,0.55,0.0,0.0,0.0,0.0,0.0,3520.70938,735.76952
870,0.93,0.49,0.0,0.43,0.0,18.4,0.55,0.0,0.0,0.0,0.0,0.0,4081.71073,737.70601
870,0.93,0.49,0.0,0.43,0.0,18.4,0.55,0.0,0.0,0.0,0.0,0.0,4665.93664,739.2552
870,0.93,0.49,0.0,0.43,0.0,18.4,0.55,0.0,0.0,0.0,0.0,0.0,5352.59408,740.61074
870,0.93,0.49,0.0,0.43,0.0,18.4,0.55,0.0,0.0,0.0,0.0,0.0,6293.49351,741.38533
870,0.93,0.49,0.0,0.43,0.0,18.4,0.55,0.0,0.0,0.0,0.0,0.0,7452.07102,742.15993
870,0.93,0.49,0.0,0.43,0.0,18.4,0.55,0.0,0.0,0.0,0.0,0.0,8669.9759,743.32182
870,0.93,0.49,0.0,0.43,0.0,18.4,0.55,0.0,0.0,0.0,0.0,0.0,10016.15597,744.09642
870,0.93,0.49,0.0,0.43,0.0,18.4,0.55,0.0,0.0,0.0,0.0,0.0,11776.83413,744.09642
